skill_group_id,description_it
fd53a46b-929e-568a-bf90-61b7485f0ea1,"I programmi e le qualifiche di carattere generale sono quelli che forniscono una formazione sulle competenze fondamentali e personali, coprono un'ampia gamma di materie e non pongono l'accento né si specializzano in un particolare campo ampio o ristretto. Questo campo ampio non deve essere utilizzato come categoria residuale. I programmi e le qualifiche con un'enfasi su una materia specifica devono essere classificati nei campi ampi da 01 a 10. In particolare, l'istruzione di livello terziario deve essere classificata qui solo in via eccezionale."
a8fe2110-92f9-50a0-bd2a-a2b54793dd4e,"I programmi e le qualifiche di base sono concepiti per fornire ai partecipanti le competenze fondamentali di lettura, scrittura e aritmetica, insieme a una comprensione elementare di altre materie quali storia, geografia, scienze naturali, scienze sociali, arte e musica e, in alcuni casi, istruzione religiosa. Questi programmi e qualifiche sono normalmente offerti a livello primario e secondario inferiore. Sono classificati qui anche i programmi ampi e non specializzati di livello secondario superiore, anche in presenza di una certa concentrazione, ad esempio, su discipline umanistiche, scienze sociali, scienze naturali ecc. I programmi e le qualifiche professionali sono inclusi qui solo in via eccezionale. Sono classificati qui i programmi e le qualifiche con i seguenti contenuti principali: Programmi e qualifiche di base Programmi e qualifiche ampi e generici (non specializzati) Programmi e qualifiche generali senza enfasi su una materia specifica Programmi e qualifiche di livello primario  === Inclusioni Sono inclusi in questo campo di dettaglio i programmi e le qualifiche di base di livello secondario superiore (in alcuni paesi di livello secondario inferiore) con una certa enfasi, ad esempio, su discipline umanistiche, scienze sociali o scienze naturali, ma che coprono comunque altri campi del sapere. In alcuni paesi tali programmi o qualifiche sono offerti su base modulare e devono anch'essi essere classificati qui.  === Esclusioni I programmi considerati generali nel senso dell'orientamento del programma (non professionali) ma con una chiara enfasi su un campo di dettaglio, ristretto o ampio sono esclusi da questo campo di dettaglio e inclusi in uno dei campi ampi 01-10, a seconda della materia trattata."
5ba948f5-ec0b-5425-ba0e-4ef895405ee8,"L'alfabetizzazione e le competenze di calcolo sono programmi o qualifiche destinati principalmente agli adulti, concepiti per insegnare le competenze fondamentali di lettura, scrittura e aritmetica. La fascia di età tipica dei partecipanti può essere utilizzata per distinguere tra il campo di dettaglio 0011 'Programmi e qualifiche di base' e questo campo di dettaglio. Sono classificati qui i programmi e le qualifiche con i seguenti contenuti principali: Programmi di recupero di base per giovani o adulti Alfabetizzazione Competenze di calcolo"
a848a210-d07d-51f0-9e24-10a88be987cb,"Le competenze personali sono definite con riferimento agli effetti sulla capacità dell'individuo (mentale, sociale ecc.). Questo campo di dettaglio copre i programmi sulle competenze personali non inclusi in 0011 'Programmi e qualifiche di base' o 0021 'Alfabetizzazione e competenze di calcolo', che forniscono competenze chiave e competenze trasferibili. Sono classificati qui i programmi e le qualifiche con i seguenti contenuti principali: Argomentazione e presentazione Formazione all'assertività Competenze comunicative Cooperazione Sviluppo delle capacità comportamentali Sviluppo delle abilità mentali Programmi di ricerca di lavoro Corsi per genitori Parlare in pubblico Competenze di autostima Competenza sociale Gestione del tempo  === Inclusioni L'istruzione e la formazione alla leadership nel contesto dello sviluppo personale sono incluse qui. L'istruzione e la formazione relative al luogo di lavoro o alle mansioni lavorative sono incluse in questo campo di dettaglio se riguardano più lo sviluppo personale che lo sviluppo professionale. I corsi sulle competenze personali possono essere tenuti sul luogo di lavoro, ma essere comunque classificati qui in base al loro contenuto. Sono inclusi qui i programmi per persone con bisogni speciali su come affrontare la vita quotidiana  === Esclusioni Lo studio della leadership nel contesto del management è escluso da questo gruppo e incluso nel campo di dettaglio 0413 'Gestione e amministrazione'."
a8013993-8cc4-51fb-97dc-ea4cfffef2b5,"La scienza dell'educazione è lo studio del processo di apprendimento e delle teorie, dei metodi e delle tecniche per trasmettere conoscenze ad altri. Sono classificati qui i programmi e le qualifiche con i seguenti contenuti principali: Studi curricolari Didattica Valutazione, testing e misurazione in ambito educativo Valutazione e ricerca educativa Scienze pedagogiche  === Esclusioni I programmi di formazione degli insegnanti che combinano la scienza dell'educazione con la pratica dell'insegnamento sono esclusi da questo campo di dettaglio e inclusi in uno dei campi di dettaglio per la formazione degli insegnanti (0112-0114)."
877d5b04-a602-5377-ad34-93f699536ce1,"La formazione degli insegnanti di scuola dell'infanzia è lo studio delle teorie, dei metodi e della pratica dell'insegnamento a bambini molto piccoli fino a 7 anni di età in contesti scolastici formali, a livello pre-primario o di sviluppo educativo della prima infanzia. Sono classificati qui i programmi e le qualifiche con i seguenti contenuti principali: Insegnamento nella prima infanzia (in contesti scolastici formali) Formazione degli insegnanti pre-primari  === Esclusioni La formazione alla cura dei bambini al di fuori dei contesti scolastici formali è esclusa da questo campo di dettaglio e inclusa nel campo di dettaglio 0922 'Servizi di assistenza all'infanzia e alla gioventù'."
0684182e-b78c-5c7a-8d4f-793c0d1fdea8,"La formazione degli insegnanti senza specializzazione disciplinare è lo studio delle teorie, dei metodi e della pratica volti a fornire ai bambini tra circa 5 e 15 anni di età le competenze fondamentali di lettura, scrittura e matematica, insieme a una comprensione elementare di altre materie quali storia, geografia, scienze sociali ecc., ponendo le basi per l'apprendimento permanente. La specializzazione disciplinare è meno accentuata rispetto al campo di dettaglio 0114 'Formazione degli insegnanti con specializzazione disciplinare'. Lo studio dell'insegnamento a bambini con bisogni speciali è incluso in questo campo di dettaglio, così come lo studio dell'insegnamento agli adulti delle competenze fondamentali di lettura e scrittura e dell'insegnamento di questo tipo di competenze agli immigrati nella loro lingua d'origine o prima lingua. Sono classificati qui i programmi e le qualifiche con i seguenti contenuti principali: Formazione dell'insegnante di classe Formazione degli insegnanti indigeni Insegnamento primario Formazione degli insegnanti per bambini con bisogni speciali  === Inclusioni Lo studio dell'insegnamento agli adulti delle competenze di base di alfabetizzazione e calcolo è incluso qui. È incluso qui anche l'assistente dell'insegnante (assistente didattico).  === Esclusioni La formazione degli insegnanti con specializzazione disciplinare, anche se destinata all'insegnamento a bambini nell'istruzione primaria o secondaria inferiore, è esclusa da questo campo di dettaglio e inclusa nel campo di dettaglio 0114 'Formazione degli insegnanti con specializzazione disciplinare'."
ce074c65-375c-5cab-9ed1-16148da5f642,"La formazione degli insegnanti con specializzazione disciplinare è lo studio delle teorie, dei metodi e della pratica dell'insegnamento di una materia specifica, per lo più a livelli di istruzione secondaria o superiore. I programmi e le qualifiche inclusi in questo campo di dettaglio comprendono spesso sia gli studi pedagogici sia la materia o le materie che si andranno a insegnare. Sono classificati qui i programmi e le qualifiche con i seguenti contenuti principali: Formazione degli insegnanti - arti e mestieri Formazione degli insegnanti - materie commerciali Formazione degli insegnanti - musica Formazione degli insegnanti - infermieristica Formazione degli insegnanti - educazione fisica Formazione degli insegnanti - seconde lingue Formazione degli insegnanti - materie teoriche specifiche, ad es. inglese, matematica, storia Formazione degli insegnanti - materie tecniche Formazione degli insegnanti - materie professionali Formazione degli istruttori di guida Formazione dei formatori  === Inclusioni Sono inclusi qui i corsi di formazione per docenti universitari, per istruttori di competenze relative al luogo di lavoro e alla vita lavorativa e in materie pratiche e artistiche.  === Esclusioni La formazione degli allenatori sportivi è esclusa da questo campo di dettaglio e inclusa nel campo di dettaglio 1014 'Sport'."
e20bc16a-dfd2-5b3b-b5a8-4f63680125e5,Sono classificati qui i programmi e le qualifiche interdisciplinari in cui il maggior tempo di apprendimento previsto è dedicato all'istruzione.
3088a176-e639-5c39-aec4-6ceb7136ef57,"Le tecniche audiovisive e la produzione mediatica sono lo studio delle tecniche e delle competenze per produrre libri o giornali, produzioni radiofoniche o televisive, produzioni cinematografiche o video, produzioni di musica registrata e riproduzione grafica. Includono programmi e qualifiche nei metodi di riproduzione del colore, nella fotografia e nella computer grafica. È incluso anche lo studio della combinazione di immagini, parole e decorazioni nella produzione di libri, riviste, poster, pubblicità ecc. Sono classificati qui i programmi e le qualifiche con i seguenti contenuti principali: Animazione Rilegatura Operatore di ripresa Compositing (stampa) Produzione di videogiochi Composizione tipografica computerizzata Produzione cinematografica e video Graphic design Riproduzione grafica Illustrazione Progettazione di media interattivi Tecniche dei media Produzione multimediale Fotografia Operazioni di prestampa Finitura di stampa e rilegatura Stampa Progettazione editoriale, impaginazione Produzione radiotelevisiva Produzione di musica registrata Tecniche del suono Composizione tipografica  === Inclusioni Sono inclusi qui il desktop publishing e l'impaginazione.  === Esclusioni I programmi e le qualifiche nell'uso di specifiche applicazioni software per il desktop publishing e lo sviluppo di siti web sono esclusi da questo campo di dettaglio e inclusi nel campo di dettaglio 0611 'Uso del computer'. Lo studio del giornalismo (formulazione e contenuto dei messaggi) è escluso da questo campo di dettaglio e incluso nel campo di dettaglio 0321 'Giornalismo e reportage'."
d294b17f-2b9e-5d75-a5ff-21950e724397,"Il design della moda, d'interni e industriale è lo studio della combinazione creativa di linea, forma e tessuto nella progettazione e realizzazione, ad esempio, di capi di moda, prodotti industriali e interni. Sono classificati qui i programmi e le qualifiche con i seguenti contenuti principali: Costume design Progettazione di prodotti industriali Fashion design Architettura d'interni Design d'interni Scenografia Vetrinistica  === Esclusioni Lo studio della progettazione di edifici è escluso da questo campo di dettaglio e incluso nel campo di dettaglio 0731 'Architettura e urbanistica'. Lo studio del design industriale è escluso da questo campo di dettaglio se l'enfasi è posta sulle materie tecniche e non sul design artistico, ed è incluso nel campo di dettaglio appropriato sotto 071 'Ingegneria e mestieri dell'ingegneria'. La progettazione editoriale e il graphic design sono esclusi da questo campo di dettaglio e inclusi nel campo di dettaglio 0211 'Tecniche audiovisive e produzione mediatica'."
143397c3-52c1-52d3-b0fc-9a54d5ea83e2,"Le belle arti sono lo studio delle forme visive di espressione creativa e trattano teoria, storia, tecniche, esecuzione e produzione nelle belle arti. Sono classificati qui i programmi e le qualifiche con i seguenti contenuti principali: Teoria dell'arte Calligrafia Incisione all'acquaforte Stampa d'arte Storia dell'arte Pittura Filosofia dell'arte Scultura  === Esclusioni La formazione in ceramica, vasellame ecc. è esclusa da questo campo di dettaglio e inclusa nel campo di dettaglio 0214 'Artigianato artistico'. Lo studio dell'architettura è escluso da questo campo di dettaglio e incluso nel campo di dettaglio 0731 'Architettura e urbanistica'. La formazione degli insegnanti nelle arti è esclusa da questo campo di dettaglio e inclusa nel campo di dettaglio 0114 'Formazione degli insegnanti con specializzazione disciplinare'."
71eef1c0-04fb-50d7-8e15-80863ba74ca8,"L'artigianato artistico è lo studio delle tecniche e delle competenze in un mestiere artigianale prescelto, come gioielleria, ceramica, tessitura, intaglio del legno ecc. Sono classificati qui i programmi e le qualifiche con i seguenti contenuti principali: Ceramica Mestieri artigianali, arti popolari e artigianato Lavorazione artigianale dei metalli decorativi Artigianato indigeno Ricamo Floristica (composizione floreale) Arti e mestieri del vetro Oreficeria Gioielleria Costruzione di strumenti musicali (non industriale) Strumenti musicali (riparazione e accordatura) Argenteria Scultura in pietra (artigianale) Tessitura (artigianale) Intaglio del legno  === Esclusioni Lo studio della produzione industriale (meccanizzata su larga scala) di ceramiche, materiali tessuti, ricami ecc. è escluso da questo campo e incluso in uno dei campi di dettaglio del campo ampio 07 'Ingegneria, attività manifatturiere e costruzioni'."
62c9b350-79d0-5785-b523-039560271d67,"La musica e le arti dello spettacolo sono lo studio dei principi e delle tecniche associati alla performance che coinvolge musica, parola, movimento, mimo, caratterizzazione, improvvisazione e arte scenica. Sono classificati qui i programmi e le qualifiche con i seguenti contenuti principali: Recitazione e regia Balletto Coreografia Circo Composizione (musica) Direzione (musica) Arte creativa e performativa Danza Arte drammatica Storia del cinema e del teatro Storia della musica Musica Direzione musicale Musicologia Teatro/Scienze teatrali  === Inclusioni Lo studio della storia e della teoria della musica e delle arti dello spettacolo è incluso qui.  === Esclusioni La formazione degli insegnanti di musica e di altre arti dello spettacolo è esclusa da questo campo di dettaglio e inclusa nel campo di dettaglio 0114 'Formazione degli insegnanti con specializzazione disciplinare'. 022 Discipline umanistiche (escluse le lingue)"
c43579f3-535e-5e02-ad32-cd45eb08bd56,"La religione e la teologia sono lo studio delle credenze religiose, dei concetti, dei simboli, delle espressioni e dei testi della spiritualità. Sono classificati qui i programmi e le qualifiche con i seguenti contenuti principali: Storia delle religioni Studio dei libri sacri Studio delle diverse religioni Teologia  === Inclusioni Sono inclusi in questo campo di dettaglio i programmi per bambini e giovani, solitamente impartiti in scuole religiose o seminari, in monasteri ecc., volti a sviluppare un interesse per i principi della propria religione e una familiarità con la sua filosofia sufficiente a contribuire alla propagazione della propria fede.  === Esclusioni I programmi di base impartiti in scuole religiose, seminari ecc. contenenti istruzione religiosa ma senza porvi l'accento e senza condurre a una vocazione religiosa sono esclusi da questo campo di dettaglio e inclusi in 0011 'Programmi e qualifiche di base'. I programmi e le qualifiche di sharia islamica sono esclusi da questo campo di dettaglio e inclusi nel campo di dettaglio 0421 'Diritto'."
4e5ad58e-250f-559c-8774-478bc28237aa,"La storia è lo studio degli eventi passati, in particolare dello sviluppo politico, sociale ed economico di un paese, di un continente o del mondo. La storia della medicina è classificata qui, così come lo studio della storia della scienza e delle idee. L'archeologia è lo studio delle civiltà antiche attraverso l'analisi scientifica di ciò che si trova nel terreno. Sono classificati qui i programmi e le qualifiche con i seguenti contenuti principali: Archeologia Storia culturale Studi folclorici Storia Storia della letteratura Storia della medicina Storia della scienza e delle idee Storia della tecnologia  === Inclusioni Sono inclusi qui il restauro e la conservazione del patrimonio artistico.  === Esclusioni Lo studio della letteratura combinato con lo studio di una lingua specifica è escluso da questo campo di dettaglio e incluso nel campo di dettaglio 0232 'Letteratura e linguistica'. Lo studio delle lingue classiche (latino ecc.) è escluso da questo campo di dettaglio e incluso nel campo di dettaglio 0231 'Acquisizione linguistica'. Lo studio della storia dell'arte è escluso da questo campo di dettaglio e incluso nel campo di dettaglio 0213 'Belle arti'. Lo studio della storia della musica e delle arti dello spettacolo è escluso da questo campo di dettaglio e incluso nel campo di dettaglio 0215 'Musica e arti dello spettacolo'. Lo studio della storia economica/storia dell'economia è escluso da questo campo di dettaglio e incluso nel campo di dettaglio 0311 'Economia'."
8a54b7ae-c8ba-5a09-af06-182f8f4fefc5,"La filosofia e l'etica sono lo studio della filosofia, dell'etica e delle materie correlate che riguardano la concezione della vita. Sono classificati qui i programmi e le qualifiche con i seguenti contenuti principali: Etica Logica Morale Filosofia  === Esclusioni Lo studio della religione è escluso da questo campo di dettaglio e incluso nel campo di dettaglio 0221 'Religione'. Lo studio della filosofia delle arti è escluso da questo campo di dettaglio ed è incluso nel campo di dettaglio 0213 'Belle arti'"
ca1405bf-2773-5111-a03a-1c149f5e74ae,"L'acquisizione linguistica è lo studio della struttura e della composizione delle lingue insegnate come seconde lingue o lingue straniere (ossia destinate a parlanti non nativi o non fluenti della lingua). Include lo studio delle culture, della letteratura, della linguistica e della fonetica correlate, se riferite alla specifica lingua che si sta acquisendo e se parte dello stesso programma o della stessa qualifica. Le lingue classiche o morte sono incluse qui, poiché si presume che non vi siano parlanti nativi della lingua e quindi le modalità di insegnamento e il contenuto del curricolo sono più simili all'insegnamento delle lingue straniere. Sono classificati qui i programmi e le qualifiche con i seguenti contenuti principali: Lingue classiche Lingue esogene Lingue straniere Interpretazione Fonetica Seconde lingue, ad esempio inglese come seconda lingua Lingua dei segni Interpretazione della lingua dei segni Traduzione  === Inclusioni: Gli studi di lingua e linguistica sono inclusi qui se la linguistica è riferita a una o più lingue specifiche che si stanno acquisendo e che fanno parte dello stesso programma o della stessa qualifica. La traduzione e l'interpretazione sono incluse qui.  === Esclusioni: Lo studio della lingua madre o prima lingua (ossia destinato a parlanti nativi, fluenti o competenti della lingua), anche se tale lingua non è una lingua nazionale del paese di studio (ad es. programmi per immigrati che apprendono la propria lingua madre), è escluso da questo campo di dettaglio e incluso nel campo di dettaglio 0232 'Letteratura e linguistica'."
e3827212-28b5-5ac1-b4a9-6a4c60b3a84b,"La letteratura e la linguistica sono qui definite come lo studio della lingua o delle lingue destinato a parlanti nativi, fluenti o competenti della lingua. Includono lo studio della letteratura e della linguistica correlate e possono includere o meno la struttura e la composizione della lingua. Sono classificati qui i programmi e le qualifiche con i seguenti contenuti principali: Scrittura creativa Prima lingua Lingue indigene Linguistica Letteratura Lingue 'madri' Prime lingue native  === Inclusioni Sono incluse qui le lingue insegnate come prima lingua ('lingua madre'), anche se la lingua non è la lingua nazionale del paese di studio (ad es. programmi per immigrati nella loro lingua d'origine o prima lingua). Le lingue locali e regionali sono incluse qui se sono prime lingue parlate da una minoranza significativa nel paese e sono destinate a parlanti almeno competenti della lingua. Lo studio della letteratura comparata è incluso qui. Lo studio della linguistica generale (non riferito allo studio di una lingua particolare) è incluso qui. Lo studio della letteratura in generale (non combinato con lo studio di una lingua specifica) è incluso qui.  === Esclusioni I programmi linguistici sono esclusi da questo campo di dettaglio se la lingua è insegnata come lingua straniera o seconda lingua, e sono in tal caso inclusi in 0231 'Acquisizione linguistica'. I programmi di alfabetizzazione e competenze di calcolo sono esclusi da questo campo di dettaglio e inclusi nel campo di dettaglio 0021 'Alfabetizzazione e competenze di calcolo'. I programmi di lingua dei segni sono esclusi da questo campo di dettaglio e inclusi nel campo di dettaglio 0231 'Acquisizione linguistica'."
88dbcdcb-a106-5eb3-8be3-9e243405c720,Sono classificati qui i programmi e le qualifiche interdisciplinari in cui il maggior tempo di apprendimento previsto è dedicato alle arti e alle discipline umanistiche.
76546f1c-791f-57fb-a9d3-19e305cab90e,"L'economia è lo studio della politica economica, della teoria economica e del processo decisionale economico. Sono classificati qui i programmi e le qualifiche con i seguenti contenuti principali: Econometria Storia economica Economia Economia politica  === Esclusioni Lo studio dell'economia in cui l'enfasi è posta sugli studi aziendali è escluso da questo campo di dettaglio e classificato sotto 041 'Attività aziendali e amministrazione'. Lo studio dell'economia domestica è escluso da questo campo di dettaglio e incluso nel campo di dettaglio 1011 'Servizi domestici'."
09281325-452d-5713-bf6f-51309a868d5b,Le scienze politiche e l'educazione civica sono lo studio del governo e dei principi o della pratica politica. Lo studio dei diritti e dei doveri dei cittadini è incluso qui. Sono classificati qui i programmi e le qualifiche con i seguenti contenuti principali: Educazione civica Diritti umani Relazioni internazionali Studi su pace e conflitti Storia politica Scienza politica Studi sulle politiche pubbliche  === Esclusioni Lo studio dell'economia politica è escluso da questo campo di dettaglio e incluso nel campo di dettaglio 0311 'Economia'.
33d07c68-d31f-5bc5-a845-0bb836aae40c,"La psicologia è lo studio della mente e del comportamento umani come risultato delle differenze individuali, dell'esperienza e dell'ambiente. Sono classificati qui i programmi e le qualifiche con i seguenti contenuti principali: Scienze cognitive Psicoanalisi Psicologia Psicoterapia"
2ea25e49-e6f1-509e-8e46-2d4417805ecb,"La sociologia e gli studi culturali sono lo studio degli esseri umani e del modo in cui si comportano in gruppo e in relazione alla società. Lo studio dell'etnologia e dell'antropologia sociale è incluso qui, così come lo studio della geografia umana e sociale. Sono classificati qui i programmi e le qualifiche con i seguenti contenuti principali: Criminologia Geografia culturale Studi culturali Demografia/studi sulla popolazione Etnologia Studi di genere Antropologia sociale Sociologia  === Esclusioni L'assistenza sociale in cui l'enfasi è posta sul lavoro sociale pratico è esclusa da questo campo di dettaglio e inclusa nel campo di dettaglio 0923 'Lavoro sociale e counselling'. La geografia fisica è esclusa da questo campo di dettaglio e inclusa nel campo di dettaglio 0532 'Scienze della Terra'."
f6bc82de-b403-5e68-9624-874872cb43e3,"Il giornalismo e il reportage sono lo studio della teoria e delle pratiche del giornalismo/reportage come parte del campo della comunicazione di massa. Il giornalismo e il reportage riguardano la formulazione e il contenuto dei messaggi. Comprendono la cronaca, la scrittura di commenti e di articoli di approfondimento di interesse pubblico ecc. Sono classificati qui i programmi e le qualifiche con i seguenti contenuti principali: Giornalismo radiotelevisivo Editing Informazione (formulazione e contenuto) Giornalismo Comunicazione di massa (formulazione e contenuto) Cronaca  === Esclusioni Lo studio delle tecniche per la comunicazione di massa (ad es. stampa e produzione radiotelevisiva) è escluso da questo campo di dettaglio e incluso nel campo di dettaglio 0211 'Tecniche audiovisive e produzione mediatica'. Lo studio dell'impaginazione e della progettazione editoriale è escluso da questo campo di dettaglio e incluso nel campo di dettaglio 0211 'Tecniche audiovisive e produzione mediatica'. Lo studio delle relazioni pubbliche è escluso da questo campo di dettaglio e incluso nel campo di dettaglio 0414 'Marketing e pubblicità'."
ea738e73-53c4-5c5a-811b-6720fb93eda0,"Gli studi di biblioteconomia, informazione e archivistica sono lo studio dei metodi di selezione, acquisizione, organizzazione e conservazione di raccolte di informazioni e di facilitazione dell'uso delle informazioni. Gli studi museali e biblioteconomici sono inclusi qui. Sono classificati qui i programmi e le qualifiche con i seguenti contenuti principali: Scienze archivistiche Studi curatoriali Documentazione Scienza dell'informazione Biblioteconomia Documentazione museale Studi museali Museologia  === Esclusioni Il restauro e la conservazione del patrimonio artistico sono esclusi da questo campo e inclusi nel campo 0222 'Storia e archeologia'."
6db73d6d-f5a7-5d70-a798-1370e6d14b6f,"Sono classificati qui i programmi e le qualifiche interdisciplinari in cui il maggior tempo di apprendimento previsto è dedicato alle scienze sociali, al giornalismo e all'informazione."
58d9001b-be5d-56de-9b35-bec8b9047a03,"La contabilità e la fiscalità sono lo studio della tenuta, della revisione e della registrazione delle transazioni finanziarie. Sono classificati qui i programmi e le qualifiche con i seguenti contenuti principali: Contabilità Revisione contabile Tenuta dei libri contabili Contabilità fiscale Gestione fiscale  === Esclusioni Lo studio del diritto tributario è escluso da questo campo di dettaglio e incluso nel campo di dettaglio 0421 'Diritto'."
48d5e279-fa69-5a1d-b088-b3c5fe2a1f75,"La finanza, l'attività bancaria e assicurativa sono lo studio della pianificazione, della direzione, dell'organizzazione e del controllo delle attività e dei servizi finanziari. Includono il controllo e il monitoraggio delle risorse finanziarie di organizzazioni, istituzioni e individui, nonché la fornitura di servizi finanziari a livello aziendale e individuale. Sono classificati qui i programmi e le qualifiche con i seguenti contenuti principali: Studi per operatore di sportello bancario Attività bancaria e finanza Teoria della finanza Assicurazione Analisi degli investimenti Investimenti e titoli Assicurazione pensionistica Assicurazione sociale Intermediazione di borsa  === Esclusioni Lo studio delle scienze attuariali è escluso da questo campo di dettaglio e incluso nel campo di dettaglio 0542 'Statistica'."
0612cd38-f5f0-5819-b49f-3b7145718f50,"La gestione e l'amministrazione sono lo studio della pianificazione, della direzione e della conduzione delle funzioni e delle attività di organizzazioni e istituzioni. I programmi di gestione che includono anche amministrazione, economia, finanza ecc. sono inclusi qui se l'enfasi è posta sulla gestione e sull'amministrazione. Sono classificati qui i programmi e le qualifiche con i seguenti contenuti principali: Amministrazione Gestione dell'istruzione Gestione dell'impiego Imprenditorialità Amministrazione sanitaria Gestione della logistica Scienze gestionali Gestione d'ufficio Teoria e comportamento organizzativo Amministrazione del personale Gestione del personale Corsi 'Avvia la tua impresa' Gestione della catena di fornitura Gestione della formazione  === Inclusioni: Lo studio della leadership nel contesto del management è incluso qui.  === Esclusioni: La formazione alla leadership nel contesto dello sviluppo personale è esclusa da questo campo di dettaglio e inclusa nel campo di dettaglio 0031 'Competenze personali'. Lo studio dell'amministrazione nel senso di lavoro d'ufficio è escluso da questo campo di dettaglio e incluso nel campo di dettaglio 0415 'Lavoro di segreteria e d'ufficio'."
c59c651d-76db-5264-8262-8ded51ec2140,"Il marketing e la pubblicità sono lo studio della promozione dei processi di scambio di beni e servizi tra organizzazioni e/o individui, e lo studio del comportamento e delle esigenze dei consumatori. Includono lo studio del ruolo dello sviluppo del prodotto, della determinazione dei prezzi, della distribuzione, della promozione e delle vendite al fine di massimizzare le prestazioni aziendali. Sono classificati qui i programmi e le qualifiche con i seguenti contenuti principali: Pubblicità Comportamento del consumatore Ricerche di mercato Marketing Merchandising Relazioni pubbliche"
776a07e0-0e41-50ff-8056-0e5d16aabeba,"Il lavoro di segreteria e d'ufficio è lo studio delle procedure e delle pratiche amministrative, delle tecnologie d'ufficio e delle competenze impiegatizie, di stenografia e di tastiera. I programmi di segreteria specializzati (bilingue, medici, legali, contabili ecc.) sono inclusi se il programma ha come obiettivo il lavoro di segreteria, piuttosto che il lavoro come assistenti specializzati. Sono classificati qui i programmi e le qualifiche con i seguenti contenuti principali: Servizi amministrativi e di segreteria Programmi impiegatizi Inserimento dati Programmi per segretari con lingue straniere Competenze di tastiera Programmi per segretari legali Programmi per segretari medici Uso delle attrezzature d'ufficio Formazione per receptionist Programmi di segreteria Stenografia Servizio di centralino Dattilografia  === Inclusioni Sono inclusi qui i programmi di segreteria ampi comprendenti, tra l'altro, corsi di informatica.  === Esclusioni I programmi o le qualifiche distinti nell'uso di uno specifico software sono esclusi da questo campo di dettaglio e inclusi nel campo di dettaglio 0611 'Uso del computer'. La gestione d'ufficio è esclusa da questo campo di dettaglio e inclusa nel campo di dettaglio 0413 'Gestione e amministrazione'. I programmi per receptionist d'albergo sono esclusi da questo campo di dettaglio e inclusi nel campo di dettaglio 1013 'Servizi alberghieri, di ristorazione e catering'."
b22cfc5c-cf23-513d-bfb5-daa161d350b8,"La vendita all'ingrosso e al dettaglio è lo studio dell'acquisto e della vendita di beni e servizi, inclusi la gestione delle scorte, le pratiche di determinazione dei prezzi, la prevenzione delle perdite, i sistemi e le procedure di vendita. Include lo studio del funzionamento e delle tendenze attuali dei settori del commercio all'ingrosso e al dettaglio. È inclusa anche la vendita di edifici e proprietà immobiliari. Sono classificati qui i programmi e le qualifiche con i seguenti contenuti principali: Vendita all'asta Servizi ai consumatori Tecniche dimostrative Acquisti Attività immobiliare Commercio al dettaglio Gestione delle giacenze Magazzinaggio Commercio all'ingrosso  === Inclusioni Lo studio dell'acquisto e della vendita di edifici e proprietà immobiliari è incluso qui."
85c378da-7e65-5e0a-ae62-733b61e7ad28,"Le competenze lavorative sono lo studio della struttura e del funzionamento della vita lavorativa. Comprendono programmi, per lo più erogati come formazione del personale, relativi al luogo di lavoro e alle mansioni lavorative. Sono classificati qui i programmi e le qualifiche con i seguenti contenuti principali: Esigenze dei clienti Conoscenza dell'azienda Formazione al servizio clienti Corsi di 'introduzione al lavoro' Organizzazione sul lavoro Assicurazione della qualità Corsi sindacali (generali) Sviluppo del lavoro  === Inclusioni La formazione del personale relativa al luogo di lavoro o alle mansioni lavorative è inclusa qui.  === Esclusioni La formazione relativa al luogo di lavoro o alle mansioni lavorative è esclusa da questo campo di dettaglio se riguarda più lo sviluppo personale che lo sviluppo professionale ed è inclusa nel campo di dettaglio 0031 'Competenze personali'. La formazione del personale classificabile in qualsiasi altro campo è esclusa da questo campo di dettaglio e inclusa nel campo appropriato (ad es. i corsi sulla qualità, se tecnici, dovrebbero essere inclusi nei campi di dettaglio sotto 071 'Ingegneria e mestieri dell'ingegneria'.) I programmi sull'ambiente di lavoro dovrebbero essere inclusi nel campo di dettaglio 1022 'Salute e sicurezza sul lavoro'. I programmi, per lo più di livello terziario, che trattano la vita lavorativa in generale in termini di mercato del lavoro, parti sociali, psicologia industriale ecc. sono esclusi da questo campo di dettaglio e inclusi nei campi di dettaglio sotto 031 'Scienze sociali e comportamentali'."
19a2acc1-c74b-5015-8bf1-7ab957603f5d,"Il diritto è lo studio dei principi e delle procedure per il mantenimento formale dell'ordine sociale, inclusa la formazione per le professioni legali, come quella di avvocato, o la formazione per la magistratura. Sono classificati qui i programmi e le qualifiche con i seguenti contenuti principali: Diritto commerciale Studi di giustizia penale Storia del diritto Diritto indigeno Giurisprudenza Diritto del lavoro Pratica legale Notariato/pratica notarile Studi paralegali  === Esclusioni I programmi di stenotipia giudiziaria e i programmi per segretari legali sono esclusi da questo campo di dettaglio e inclusi nel campo di dettaglio 0415 'Lavoro di segreteria e d'ufficio'. Gli studi di polizia sono esclusi da questo campo di dettaglio e inclusi nel campo di dettaglio 1032 'Protezione di persone e proprietà'."
e18d521f-bf64-5c53-9bd4-9f8b2b10ecba,"Sono classificati qui i programmi e le qualifiche interdisciplinari in cui il maggior tempo di apprendimento previsto è dedicato alle attività aziendali, all'amministrazione e al diritto.  === Inclusioni Lo studio delle attività aziendali e dell'amministrazione in cui l'enfasi non è posta verso alcuno dei campi di dettaglio sotto 041 è incluso in questo campo.  === Esclusioni I programmi aziendali in cui l'enfasi è posta su uno qualsiasi dei campi di dettaglio sotto 041 'Attività aziendali e amministrazione' (gestione, amministrazione, marketing ecc.) devono essere classificati in base alla specializzazione."
a65abf7e-b3f3-5a6b-80cb-3be7ac58d505,"La biologia è lo studio della struttura, della funzione, della riproduzione, della crescita, dell'evoluzione e del comportamento di tutti gli organismi viventi. Sono classificati qui i programmi e le qualifiche con i seguenti contenuti principali: Biologia Botanica Biologia cellulare Entomologia Genetica Micologia Zoologia  === Esclusioni Lo studio delle scienze ambientali, ossia lo studio della relazione tra organismi viventi e ambiente, è escluso da questo campo di dettaglio e incluso nel campo di dettaglio 0521 'Scienze ambientali'. Lo studio dei processi chimici negli organismi viventi (biochimica, tossicologia, farmacologia ecc.) è escluso da questo campo di dettaglio e incluso nel campo di dettaglio 0512 'Biochimica'."
cc549e8e-4231-52f9-8415-103f337d02f9,"La biochimica, talvolta denominata chimica biologica, è lo studio della chimica degli organismi viventi, inclusa, ma non solo, la materia vivente. Sono classificati qui i programmi e le qualifiche con i seguenti contenuti principali: Chimica biologica Tecnologia cellulare Scienze forensi Studi sul codice genetico (DNA, RNA) Ingegneria genetica Farmacologia Tecnologia delle colture tissutali Tossicologia Virologia  === Inclusioni La biotecnologia è inclusa qui."
ec78ab68-4f5d-5634-a14c-2223ada0adf2,Le scienze ambientali sono lo studio degli organismi in relazione tra loro e con l'ambiente. Sono classificati qui i programmi e le qualifiche con i seguenti contenuti principali: Ecologia Scienze ambientali  === Esclusioni Lo studio della biologia e della tossicologia è escluso da questo campo di dettaglio e incluso nel campo ristretto 051 'Scienze biologiche e affini'.
8916e7c4-fd01-5d82-a7c2-d5ca79425239,"Gli ambienti naturali e la fauna selvatica sono lo studio delle relazioni tra gli organismi viventi negli ambienti naturali al fine di proteggere la natura e la fauna selvatica. Includono lo studio dell'istituzione e del mantenimento dei parchi nazionali al fine di preservarne lo stato naturale originario. Sono classificati qui i programmi e le qualifiche con i seguenti contenuti principali: Gestione dei parchi nazionali e della fauna selvatica Conservazione della natura Fauna selvatica  === Esclusioni Lo studio dell'agricoltura, dell'orticoltura e della silvicoltura è escluso da questo campo di dettaglio e incluso in alcuni dei campi di dettaglio sotto 08 'Agricoltura, silvicoltura, pesca e veterinaria'. Lo studio della caccia e della cattura con trappole è escluso da questo campo di dettaglio e incluso nel campo di dettaglio 0821 'Silvicoltura'."
48bc5a87-50e4-5ab6-9576-6fece1bbf8ca,La chimica è lo studio delle sostanze e dei loro elementi e di come reagiscono quando vengono combinati. Sono classificati qui i programmi e le qualifiche con i seguenti contenuti principali: Chimica inorganica Chimica organica Chimica fisica  === Esclusioni La biochimica è esclusa da questo campo di dettaglio e inclusa nel campo di dettaglio 0512 'Biochimica'.
17636442-9506-50ce-bb66-322e43657ae9,"Le scienze della Terra sono lo studio della composizione e della struttura della Terra, incluse l'idrosfera e l'atmosfera. Sono classificati qui i programmi e le qualifiche con i seguenti contenuti principali: Ricerca sul clima Scienze della Terra Geodesia Geografia (fisica) Geologia Geomatica Tecnologia geospaziale Meteorologia Oceanografia Sismologia  === Esclusioni La geografia sociale è esclusa da questo campo di dettaglio e inclusa nel campo di dettaglio 0314 'Sociologia e studi culturali'. La scienza del suolo è esclusa da questo campo di dettaglio e inclusa nel campo di dettaglio 0811 'Produzione agricola e zootecnica'."
8ce21fc9-8edd-52b7-87eb-f3df4443c337,La fisica è lo studio delle proprietà e delle interazioni della materia e dell'energia. Include lo studio dell'astronomia e delle scienze spaziali. Sono classificati qui i programmi e le qualifiche con i seguenti contenuti principali: Astronomia Astrofisica Fisica chimica Fisica medica Ottica Fisica Scienze spaziali  === Esclusioni La pratica dell'ottico è esclusa da questo campo di dettaglio e inclusa nel campo di dettaglio 0914 'Tecnologie diagnostiche e terapeutiche mediche'.
444a93d4-1c00-54f6-abb1-cce566682dd8,"La matematica è lo studio dei sistemi deduttivi astratti. Include algebra, aritmetica, geometria, analisi reale e complessa e matematica pura e applicata. Sono classificati qui i programmi e le qualifiche con i seguenti contenuti principali: Algebra Geometria Matematica Analisi numerica Ricerca operativa"
da9af72b-2c03-52ed-921a-c662ef36417c,"La statistica è lo studio della raccolta, della descrizione, dell'ordinamento e dell'analisi di dati numerici. È incluso lo studio della teoria della probabilità e delle scienze attuariali. Sono classificati qui i programmi e le qualifiche con i seguenti contenuti principali: Scienze attuariali Teoria della probabilità Statistica applicata Progettazione di indagini Campionamento di indagini  === Inclusioni Lo studio della statistica matematica (teorica) è incluso qui.  === Esclusioni La demografia/gli studi sulla popolazione sono esclusi da questo campo di dettaglio e inclusi nel campo di dettaglio 0314 'Sociologia e studi culturali'."
67a59946-bca0-5be8-8baf-db057f40843d,"Sono classificati qui i programmi e le qualifiche interdisciplinari o ampi in cui il maggior tempo di apprendimento previsto è dedicato alle scienze naturali, alla matematica e alla statistica."
5682c779-76f3-5880-b5ff-bb397a54371b,L'uso del computer è lo studio dell'utilizzo dei computer e dei software e delle applicazioni informatiche per scopi diversi. Questi programmi sono generalmente di breve durata. Sono classificati qui i programmi e le qualifiche con i seguenti contenuti principali: Uso del computer Uso di software per il calcolo (fogli di calcolo) Uso di software per l'elaborazione dei dati Uso di software per il desktop publishing Uso di software per l'elaborazione di testi Uso di Internet
967fd939-021c-557b-bdd4-3a112c281bb4,"La progettazione e l'amministrazione di database e reti sono lo studio della progettazione, della manutenzione e dell'integrazione di applicazioni software. Sono incluse le applicazioni informatiche multimediali. Sono classificati qui i programmi e le qualifiche con i seguenti contenuti principali: Amministrazione e gestione di computer Applicazioni informatiche multimediali Installazione e manutenzione di reti informatiche Studi per amministratore di database Amministrazione delle tecnologie dell'informazione Sicurezza delle tecnologie dell'informazione Amministrazione di rete Progettazione di reti Web design"
19e4c2e7-6b77-5796-9cb5-a97364267201,Lo sviluppo e l'analisi di software e applicazioni sono lo studio della progettazione e dello sviluppo di sistemi informatici e ambienti di calcolo. Sono classificati qui i programmi e le qualifiche con i seguenti contenuti principali: Programmazione informatica Scienze informatiche Analisi di sistemi informatici Progettazione di sistemi informatici Informatica Sistemi operativi Sviluppo di linguaggi di programmazione Sviluppo software Programmazione software  === Esclusioni L'ingegneria informatica (hardware) è esclusa da questo campo di dettaglio e inclusa nel campo di dettaglio 0714 'Elettronica e automazione'. I programmi e le qualifiche nell'uso di applicazioni informatiche sono esclusi da questo campo di dettaglio e inclusi nel campo di dettaglio 0611 'Uso del computer'. La progettazione e l'amministrazione di database e reti sono escluse da questo campo di dettaglio e incluse nel campo di dettaglio 0612 'Progettazione e amministrazione di database e reti'.
f55c2e95-179b-5e49-8369-eb9d220c7d1c,Gli studi sulle tecnologie dell'informazione che non rientrano nei campi di dettaglio sono classificati qui: Intelligenza artificiale
7e341fde-f5ee-59e7-8d2d-cc89e2b0f8b3,Sono classificati qui i programmi e le qualifiche interdisciplinari in cui il maggior tempo di apprendimento previsto è dedicato alle tecnologie dell'informazione e della comunicazione (ICT).
868bba9f-654a-5494-89e4-604ebd655f38,"L'ingegneria chimica e dei processi è lo studio della pianificazione, della progettazione e dello sviluppo di prodotti e processi in cui avvengono trasformazioni chimiche e fisiche. Include la progettazione di impianti chimici e sistemi di controllo. Sono classificati qui i programmi e le qualifiche con i seguenti contenuti principali: Ingegneria chimica Ingegneria dei processi chimici Tecnologia di laboratorio Lavorazione di petrolio/gas/prodotti petrolchimici Conduzione di impianti e macchinari (lavorazione) Tecnologia dei processi  === Inclusioni La tecnologia di laboratorio è inclusa qui se l'enfasi non è posta su un'applicazione specifica.  === Esclusioni La tecnologia di laboratorio è esclusa da questo campo di dettaglio se l'enfasi è posta su un'applicazione specifica (biologica, medica ecc.) ed è inclusa nel campo di dettaglio appropriato (0914 ecc.). La biotecnologia è esclusa da questo campo di dettaglio e inclusa nel campo di dettaglio 0512 'Biochimica'. I programmi e le qualifiche con enfasi sulla produzione di un materiale specifico sono esclusi da questo campo di dettaglio (ad es. gli studi con enfasi sulla lavorazione della carta dovrebbero essere inclusi nel campo di dettaglio 0722 'Materiali (vetro, carta, plastica, legno)')."
18ed128f-9b25-53f0-b686-08fc639dfda3,"La tecnologia per la protezione dell'ambiente è lo studio dei processi volti a minimizzare gli scarichi e i rifiuti e a evitare l'inquinamento. Include programmi riguardanti il controllo di acqua, aria, suolo ecc. Sono classificati qui i programmi e le qualifiche con i seguenti contenuti principali: Controllo dell'inquinamento atmosferico Tecnologia ecologica Efficienza energetica Ingegneria ambientale Controllo degli scarichi industriali Controllo dell'inquinamento acustico Riciclaggio Controllo dell'inquinamento idrico  === Esclusioni I programmi e le qualifiche riguardanti gli standard igienici di alimenti, acqua ecc. sono esclusi da questo campo di dettaglio e inclusi nel campo di dettaglio 1021 'Igiene pubblica'. Le costruzioni relative alla gestione dei rifiuti e delle acque sono escluse da questo campo di dettaglio e incluse nel campo di dettaglio 0732 'Edilizia e ingegneria civile'."
a451b518-39c0-5900-9dda-27dc57264836,"L'elettricità e l'energia sono lo studio dell'installazione, della manutenzione, della riparazione e della diagnosi di guasti negli impianti elettrici e nelle relative apparecchiature in ambienti domestici, commerciali e industriali. Sono incluse l'installazione e la manutenzione di reti aeree e sotterranee di distribuzione dell'energia elettrica. L'energia è lo studio della generazione di energia. Sono classificati qui i programmi e le qualifiche con i seguenti contenuti principali: Mestieri del condizionamento dell'aria Ingegneria climatica Riparazione di elettrodomestici Ingegneria elettrica Installazione elettrica Generazione di energia elettrica Mestieri elettrici Studi sull'energia Distribuzione del gas Mestieri del riscaldamento Energia nucleare, idraulica e termica Installazione e manutenzione di linee elettriche Produzione di energia Refrigerazione Energia solare Turbine eoliche  === Inclusioni Lo studio dell'installazione, della diagnosi di guasti e della riparazione di apparecchiature di riscaldamento, condizionamento dell'aria e refrigerazione è incluso qui.  === Esclusioni Lo studio degli impianti elettrici dei veicoli è escluso da questo campo di dettaglio e incluso nel campo di dettaglio 0716 'Veicoli a motore, navi e aeromobili'."
464f459f-37ca-5fc2-97a3-07605110603b,"L'elettronica e l'automazione sono lo studio della pianificazione, della progettazione, dello sviluppo, della manutenzione e del monitoraggio di apparecchiature, macchinari e sistemi elettronici. Includono la progettazione di computer e apparecchiature per la comunicazione. Sono classificati qui i programmi e le qualifiche con i seguenti contenuti principali: Elettronica per la radiodiffusione Sistemi di comunicazione Installazione di apparecchiature di comunicazione Manutenzione di apparecchiature di comunicazione Ingegneria informatica Riparazione di computer Ingegneria del controllo Tecnologia dell'elaborazione dei dati Tecnologia digitale Ingegneria elettronica Assistenza ad apparecchiature elettroniche Tecnologia delle reti Robotica Tecnologia delle telecomunicazioni Riparazione di televisori e radio  === Esclusioni Le scienze informatiche (sviluppo di software e applicazioni) sono escluse da questo campo di dettaglio e incluse sotto 0613 'Sviluppo e analisi di software e applicazioni'."
4bda7395-2288-5f25-8af2-f5b9cd6b5b1a,"La meccanica e i mestieri del metallo sono lo studio della pianificazione, della progettazione, dello sviluppo, della produzione, della manutenzione e del monitoraggio di macchine, impianti e sistemi meccanici e prodotti in metallo. Includono la progettazione e la manutenzione di macchine che producono beni e servizi. Il focus di studio di questo campo di dettaglio è costituito da macchine, sistemi meccanici e prodotti in metallo. Sono classificati qui i programmi e le qualifiche con i seguenti contenuti principali: Armaioleria Idraulica Serrature e riparazione di casseforti Ingegneria meccanica Mestieri meccanici Fusione di metalli e modellistica Aggiustaggio, tornitura e lavorazione meccanica dei metalli Ingegneria metallurgica Meccanica di precisione Lavorazione della lamiera Produzione dell'acciaio Costruzione di utensili e stampi Saldatura  === Esclusioni Lo studio della meccanica e dell'ingegneria dei veicoli a motore è escluso da questo campo di dettaglio e incluso nel campo di dettaglio 0716 'Veicoli a motore, navi e aeromobili'."
b6f11ea1-7705-5787-ba2b-89ed325b21c1,"I veicoli a motore, le navi e gli aeromobili sono lo studio della progettazione, dello sviluppo, della produzione, della manutenzione, della diagnosi di guasti, della riparazione e dell'assistenza di veicoli a motore, incluse le macchine movimento terra e le macchine agricole, navi, treni e aeromobili. Tipica è la combinazione di studi sia sulle strutture metalliche sia sui motori. Sono classificati qui i programmi e le qualifiche con i seguenti contenuti principali: Ingegneria aerospaziale Ingegneria aeronautica Manutenzione di aeromobili Impianti elettrici per autoveicoli Ingegneria automobilistica Avionica Carrozzeria Ingegneria navale Ingegneria motociclistica Battilastra Costruzione navale Riparazione e manutenzione di treni Costruzione e riparazione di veicoli Verniciatura/verniciatura a spruzzo di veicoli  === Inclusioni Lo studio degli impianti elettrici dei veicoli è incluso qui.  === Esclusioni Lo studio della produzione e della riparazione di veicoli non motorizzati è escluso da questo campo di dettaglio e incluso in 0715 'Meccanica e lavorazione dei metalli' (ad es. biciclette) o 0722 'Materiali (vetro, carta, plastica, legno)' (ad es. imbarcazioni senza motore)."
6cd8bc77-daa1-58f3-9608-254680a7d52e,Gli studi di ingegneria non coperti da altri campi di dettaglio sono classificati qui: Nanotecnologia
e220d057-d178-51fc-bd6b-2b2a85ecd0c6,"La lavorazione degli alimenti è lo studio della lavorazione e del confezionamento di alimenti e bevande, nonché delle attrezzature e delle procedure utilizzate nella produzione e nella distribuzione degli alimenti. Sono classificati qui i programmi e le qualifiche con i seguenti contenuti principali: Panificazione Produzione della birra Macelleria Confetteria Prodotti lattiero-caseari Lavorazione di alimenti e bevande Conservazione degli alimenti Scienza e tecnologia alimentare Lavorazione delle carni Pasticceria Lavorazione del tabacco Produzione del vino  === Inclusioni Lo studio della manipolazione e dell'igiene degli alimenti è incluso qui.  === Esclusioni La ristorazione e il catering sono esclusi da questo campo di dettaglio e inclusi nel campo di dettaglio 1013 'Servizi alberghieri, di ristorazione e catering'. La scienza della nutrizione è esclusa da questo campo di dettaglio e inclusa nel campo ristretto 051 'Scienze biologiche e affini'. 0722 Materiali (vetro, carta, plastica e legno) I materiali sono lo studio della fabbricazione di prodotti in vetro, carta, plastica, legno o altri materiali come pietra, argilla, materiali artificiali ecc. I programmi e le qualifiche inclusi in questo campo di dettaglio riguardano più un materiale specifico che le conoscenze tecniche generali. Sono classificati qui i programmi e le qualifiche con i seguenti contenuti principali: Costruzione di imbarcazioni (senza motore) Ebanisteria Falegnameria (mobili) Ceramica (industriale) Fabbricazione di mobili Lavorazione del vetro (industriale) Produzione industriale di diamanti Fabbricazione e lavorazione della carta Fabbricazione della plastica Lavorazione della gomma Tecnologia del legname Lavorazione e tornitura del legno Mestieri della lavorazione del legno  === Esclusioni Lo studio della lavorazione dei metalli è escluso da questo campo di dettaglio e incluso nel campo di dettaglio 0715 'Meccanica e mestieri del metallo'. Lo studio della carpenteria e della falegnameria edili è escluso da questo campo di dettaglio e incluso nel campo di dettaglio 0732 'Edilizia e ingegneria civile'. Lo studio della lavorazione chimica in generale è escluso da questo campo di dettaglio e incluso nel campo di dettaglio 0711 'Ingegneria chimica e dei processi'. Lo studio della stampa e della rilegatura è escluso da questo campo di dettaglio e incluso nel campo di dettaglio 0211 'Tecniche audiovisive e produzione mediatica'. I programmi di artigianato artistico (arti e mestieri del vetro, intaglio del legno ecc.) sono esclusi da questo campo di dettaglio e inclusi nel campo di dettaglio 0214 'Artigianato artistico'. 0723 Prodotti tessili (abbigliamento, calzature e pelletteria) I prodotti tessili (abbigliamento, calzature e pelletteria) sono lo studio della fabbricazione di tessuti, prodotti tessili e in pelle, abbigliamento e articoli correlati, scarpe e altre forme di calzature. Sono classificati qui i programmi e le qualifiche con i seguenti contenuti principali: Mestieri dell'abbigliamento Confezione di abiti Fabbricazione di calzature Pellicceria Produzione di indumenti Lavorazione della pelle Selleria Calzoleria Produzione di pelli e cuoio Filatura Sartoria Mestieri tessili Tappezzeria Tessitura (industriale) Scienza della lana  === Esclusioni Gli studi di artigianato artistico (tessitura, ricamo ecc.) sono esclusi da questo campo di dettaglio e inclusi nel campo di dettaglio 0214 'Artigianato artistico'."
7c04ea51-4df1-5eae-8962-260a329a71c7,"L'attività estrattiva e mineraria è lo studio della valutazione, della pianificazione, dello sviluppo e della direzione dell'estrazione di minerali, petrolio e gas dal sottosuolo. Sono classificati qui i programmi e le qualifiche con i seguenti contenuti principali: Estrazione del carbone Tecnologia dei minerali Estrazione di minerali Perforazione per petrolio e gas Estrazione di petrolio e gas Estrazione di materie prime  === Esclusioni Lo studio dell'ingegneria metallurgica è escluso da questo campo di dettaglio e incluso in 0715 'Meccanica e mestieri del metallo' Lo studio della geologia è escluso da questo campo di dettaglio e incluso nel campo di dettaglio 0532 'Scienze della Terra'."
d38d5362-0e88-53fa-9271-0becd92b35d3,"L'architettura è lo studio dell'arte, della scienza e delle tecniche della progettazione degli edifici. Comprende sia finalità utilitarie - come la solidità della struttura e l'efficienza funzionale ed economica dell'edificio - sia considerazioni estetiche. L'urbanistica è lo studio della crescita regolamentata e del miglioramento delle città sia dal punto di vista funzionale sia da quello estetico. Sono classificati qui i programmi e le qualifiche con i seguenti contenuti principali: Progettazione e pianificazione urbana architettonica Architettura Progettazione di edifici Cartografia/rilevamento topografico Pianificazione delle città Sviluppo delle comunità Architettura del paesaggio Architettura strutturale Rilevamento topografico Pianificazione urbana e territoriale Urbanistica  === Esclusioni Lo studio del design d'interni è escluso da questo campo di dettaglio e incluso nel campo di dettaglio 0212 'Design della moda, d'interni e industriale'. La geomatica è esclusa da questo campo di dettaglio e inclusa nel campo di dettaglio 0532 'Scienze della Terra'. La progettazione e la realizzazione di parchi e giardini sono escluse da questo campo di dettaglio e incluse nel campo di dettaglio 0812 'Orticoltura'."
81f7e0e6-9900-519c-9212-c91518414903,"L'edilizia è lo studio della scienza, della tecnologia e delle tecniche di assemblaggio, costruzione e manutenzione di strutture pubbliche, commerciali, industriali e residenziali e dei loro impianti. L'ingegneria civile è lo studio della pianificazione, della progettazione, del collaudo e della direzione della costruzione di edifici e strutture su larga scala, inclusi i sistemi di trasporto, approvvigionamento idrico, fognature ecc. Sono classificati qui i programmi e le qualifiche con i seguenti contenuti principali: Muratura in mattoni Costruzione di ponti Costruzione di edifici Ingegneria edile Tecnologia delle costruzioni Carpenteria e falegnameria (edilizia) Ingegneria civile Attrezzature per l'edilizia Carpenteria metallica (edilizia) Ingegneria portuale e delle banchine Posa di piastrelle per pavimenti e pareti Rivestimento di pavimenti Costruzione di case Lavori su fune industriali (commerciali) Muratura e posa di piastrelle Tinteggiatura e rivestimento di pareti Intonacatura Idraulica e posa di tubazioni Costruzione di strade Ingegneria e tecnologia delle acque Ingegneria dell'approvvigionamento idrico e delle fognature Ventilazione  === Esclusioni L'installazione di impianti elettrici è esclusa da questo campo di dettaglio e inclusa nel campo di dettaglio 0713 'Elettricità ed energia'. Analogamente, l'installazione e la riparazione di apparecchiature di riscaldamento, condizionamento dell'aria e refrigerazione sono escluse da questo campo di dettaglio e incluse nel campo di dettaglio 0713 'Elettricità ed energia'."
973f0d48-0d4b-5d79-98e7-c9780935a98d,"Sono classificati qui i programmi e le qualifiche interdisciplinari o ampi in cui il maggior tempo di apprendimento previsto è dedicato all'ingegneria, alle attività manifatturiere e alle costruzioni."
fb59ef28-6a22-5be5-81f9-86d05f29b3d1,"La produzione agricola e zootecnica è lo studio della coltivazione, della cura e della raccolta di colture e pascoli, nonché del pascolo e della gestione degli animali. Include lo studio della gestione e della manutenzione delle aziende agricole e della produzione di prodotti vegetali e animali non trasformati. Sono classificati qui i programmi e le qualifiche con i seguenti contenuti principali: Scienze agrarie Agronomia e scienze delle colture Zootecnia Coltivazione di colture Allevamento di cani Gestione di aziende agricole e ranch Agricoltura Frutticoltura Cerealicoltura Allevamento di cavalli Suinicoltura Avicoltura Risicoltura Coltivazione di segale e frumento Ovinicoltura Scienza del suolo Coltivazione della canna da zucchero Coltivazione di ortaggi Viticoltura  === Inclusioni Lo studio della fertilità del suolo e delle tecniche di irrigazione è incluso qui. Lo studio della coltivazione di colture a gestione intensiva come frutta e ortaggi è incluso qui.  === Esclusioni Lo studio della produzione del vino è escluso da questo campo di dettaglio ed è incluso nel campo di dettaglio 0721 'Lavorazione degli alimenti'. L'attività di fantino è esclusa da questo campo di dettaglio ed è inclusa nel campo di dettaglio 1014 'Sport'"
7b912b8b-d84c-5f60-a554-fa49d7953785,"L'orticoltura è lo studio della tecnologia e della gestione orticola, della floricoltura, dei metodi di coltivazione in serra, della gestione dei vivai, del giardinaggio paesaggistico ecc. Sono classificati qui i programmi e le qualifiche con i seguenti contenuti principali: Floricoltura Giardinaggio Manutenzione dei green Tecniche orticole Gestione dei vivai Coltivazione del manto erboso  === Inclusioni La progettazione e la realizzazione di parchi e giardini urbani e domestici sono incluse qui. I programmi di giardinaggio che combinano floricoltura e coltivazione di ortaggi sono inclusi qui.  === Esclusioni Lo studio della coltivazione di colture commestibili (come frumento, riso, frutta, ortaggi ecc.) è escluso da questo campo di dettaglio e incluso nel campo di dettaglio 0811 'Produzione agricola e zootecnica'. Lo studio della scienza del suolo, della fertilità del suolo e delle tecniche di irrigazione è escluso da questo campo di dettaglio e incluso nel campo di dettaglio 0811 'Produzione agricola e zootecnica'. Lo studio della gestione dei parchi nazionali è escluso da questo campo di dettaglio e incluso nel campo di dettaglio 0522 'Ambienti naturali e fauna selvatica'. Lo studio dell'architettura del paesaggio è escluso da questo campo di dettaglio e incluso nel campo di dettaglio 0731 'Architettura e urbanistica'."
d91f62b9-d247-5083-b6c6-fb1404e92317,"La silvicoltura è lo studio dell'impianto, della coltivazione, del taglio e della gestione delle foreste. Include lo studio della caccia e della cattura con trappole. Sono classificati qui i programmi e le qualifiche con i seguenti contenuti principali: Produzione di carbone di legna Custodia forestale Tecniche dei prodotti forestali Silvicoltura Caccia e cattura con trappole Utilizzazioni forestali Abbattimento di alberi  === Esclusioni Lo studio della gestione dei parchi nazionali è escluso da questo campo di dettaglio e incluso nel campo di dettaglio 0522 'Ambienti naturali e fauna selvatica'. La tecnologia del legname (produzione in segheria ecc.) è esclusa da questo campo di dettaglio e inclusa nel campo di dettaglio 0722 'Materiali (vetro, carta, plastica e legno)'."
e53896bf-0cc5-548a-a2d1-aeaa18559cb7,"La pesca è lo studio della riproduzione, dell'allevamento e della raccolta di pesci e altri prodotti ittici. Sono classificati qui i programmi e le qualifiche con i seguenti contenuti principali: Acquacoltura Riproduzione ittica Allevamenti ittici Scienza e tecnologia della pesca Coltivazione delle perle Allevamento di prodotti ittici Allevamento di molluschi e crostacei  === Inclusioni I programmi per la conduzione di pescherecci sono inclusi qui.  === Esclusioni Lo studio della lavorazione industriale del pesce è escluso da questo campo di dettaglio e incluso nel campo di dettaglio 0721 'Lavorazione degli alimenti'."
26916179-e63c-5d1f-8fda-6f43e1104872,"La veterinaria è lo studio della prevenzione, della diagnosi e del trattamento di malattie e lesioni negli animali, nonché della loro cura generale. È incluso lo studio della cura di animali malati, feriti e infermi sottoposti a trattamento nelle cliniche veterinarie. Include anche lo studio della fornitura di assistenza agli scienziati veterinari. Sono classificati qui i programmi e le qualifiche con i seguenti contenuti principali: Cura della salute animale Riproduzione animale (scienza) Inseminazione artificiale (di animali) Assistenza veterinaria Medicina veterinaria Infermieristica veterinaria Scienze veterinarie  === Inclusioni La scienza della riproduzione animale è inclusa qui.  === Esclusioni Lo studio dell'allevamento di animali è escluso da questo campo di dettaglio e incluso nel campo di dettaglio 0811 'Produzione agricola e zootecnica'."
31d3dc95-ff29-5721-bedc-210da726f941,"Sono classificati qui i programmi e le qualifiche interdisciplinari o ampi in cui il maggior tempo di apprendimento previsto è dedicato all'agricoltura, alla silvicoltura, alla pesca e alla veterinaria."
a06add12-fa68-599e-b625-c197d61da7da,"Gli studi odontoiatrici sono lo studio della diagnosi, del trattamento e della prevenzione delle malattie e delle anomalie dei denti e delle gengive. Includono lo studio della progettazione, della realizzazione e della riparazione di protesi dentarie e apparecchi ortodontici. Includono anche lo studio della fornitura di assistenza ai dentisti. Sono classificati qui i programmi e le qualifiche con i seguenti contenuti principali: Assistenza alla poltrona odontoiatrica Igiene dentale Tecnologia di laboratorio odontotecnico Infermieristica odontoiatrica Scienze odontoiatriche Chirurgia odontoiatrica Odontotecnica Odontoiatria Chirurgia orale Ortodonzia  === Inclusioni Lo studio della salute dentale pubblica è incluso qui."
f49b59ba-8927-57cb-a991-7270646fcdf9,"La medicina è lo studio dei principi e delle procedure utilizzati nella prevenzione, nella diagnosi, nella cura e nel trattamento di malattie, patologie e lesioni negli esseri umani e nel mantenimento della salute generale. Questo campo di dettaglio consiste principalmente nella formazione dei medici. Sono classificati qui i programmi e le qualifiche con i seguenti contenuti principali: Anestesia Medicina legale Patologia forense Medicina generale Gerontologia Ginecologia Scienze mediche Formazione medica Medicina Pediatria Psichiatria Chirurgia Formazione dei medici"
dfa27731-bc14-5fb9-9fc3-084ee8f3f126,"L'infermieristica è lo studio della fornitura di assistenza sanitaria a malati, disabili o infermi e dell'assistenza a medici e altri professionisti medici e sanitari nella diagnosi e nel trattamento dei pazienti. Il focus delle qualifiche in infermieristica è il mantenimento e la cura della salute dei pazienti durante la malattia e la riabilitazione. Include l'assistenza sanitaria agli anziani e l'assistenza sanitaria ai disabili. L'ostetricia è lo studio della fornitura di assistenza alle donne durante la gravidanza, il travaglio e il parto e durante il periodo postpartum. Include anche la cura del neonato e l'assistenza alla madre nell'allattamento al seno. Sono classificati qui i programmi e le qualifiche con i seguenti contenuti principali: Infermieristica ausiliaria Infermieristica di base Infermieristica generale Assistenza sanitaria agli anziani Assistenza sanitaria ai disabili Programmi di assistenza sanitaria Igiene infantile (infermieristica) Ostetricia Ausiliario/inserviente di corsia Infermieristica psichiatrica Infermieristica specializzata  === Inclusioni Sono inclusi qui i programmi di assistenza che comprendono sia l'assistenza sanitaria sia l'assistenza sociale, ad es. per gli anziani.  === Esclusioni L'infermieristica veterinaria è esclusa da questo campo di dettaglio ed è inclusa nel campo di dettaglio 0841 'Veterinaria'. L'infermieristica odontoiatrica è esclusa da questo campo di dettaglio ed è inclusa nel campo di dettaglio 0911 'Studi odontoiatrici'. L'assistenza non medica ai bambini (non assistenza sanitaria) è esclusa da questo campo di dettaglio e inclusa nel campo di dettaglio 0922 'Servizi di assistenza all'infanzia e alla gioventù'. L'assistenza non medica agli anziani (non assistenza sanitaria) è esclusa da questo campo di dettaglio e inclusa nel campo di dettaglio 0921 'Assistenza agli anziani e agli adulti disabili'."
75e8a8b7-6068-531e-adcc-35b2b200dbfe,"Le tecnologie diagnostiche e terapeutiche mediche sono lo studio di un'ampia gamma di tecnologie utilizzate per la diagnosi e il trattamento di malattie e disabilità. Sono classificati qui i programmi e le qualifiche con i seguenti contenuti principali: Tecnologia delle ambulanze Tecnologia degli apparecchi acustici Tecnologia di laboratorio medico Tecnologia ottica Tecnologia protesica Tecnologia radiologica Radioterapia Tecnologia radiografica (medica)  === Esclusioni Lo studio della tecnologia di laboratorio è escluso da questo campo di dettaglio se l'enfasi non è posta sulla tecnologia di laboratorio medico. La tecnologia di laboratorio generale è inclusa nel campo di dettaglio 0711 'Ingegneria chimica e dei processi'. La tecnologia di laboratorio in cui l'enfasi è posta su altre applicazioni specifiche (biologia, chimica, fisica ecc.) è inclusa nel campo di dettaglio appropriato (0511, 0531, 0533 ecc.). Lo studio dell'odontotecnica è escluso da questo campo di dettaglio e incluso nel campo di dettaglio 0911 'Studi odontoiatrici'."
22b15dc4-4262-556f-b4d8-bf0b2d6495ff,La terapia e la riabilitazione sono lo studio del ripristino di condizioni fisiche normali nelle persone rese inabili da una disabilità temporanea o permanente. Sono classificati qui i programmi e le qualifiche con i seguenti contenuti principali: Programmi per dietisti Massaggio terapeutico Nutrizione/Dietetica Terapia occupazionale Fisioterapia Riabilitazione Logopedia  === Esclusioni Lo studio della psicoterapia è escluso da questo campo di dettaglio e incluso nel campo di dettaglio 0313 'Psicologia'. Lo studio della scienza della nutrizione è escluso da questo campo di dettaglio e incluso nel campo ristretto 051 'Scienze biologiche e affini'.
abccda41-b73d-5183-a20a-e69c9e24cf69,"La farmacia è lo studio dei farmaci e dei loro effetti sugli esseri umani. Include la loro preparazione, dispensazione e somministrazione. Sono classificati qui i programmi e le qualifiche con i seguenti contenuti principali: Farmacia con dispensazione Farmacia  === Esclusioni Lo studio della farmacologia è escluso da questo campo di dettaglio e incluso nel campo di dettaglio 0511 'Biologia'."
f7e10d9c-236f-5f46-a4d3-be3d82433853,"La medicina tradizionale e complementare è lo studio della medicina alternativa. Sono classificati qui i programmi e le qualifiche con i seguenti contenuti principali: Agopuntura e medicina orientale Aromaterapia Medicina ayurvedica Erboristeria Erbologia Medicina olistica Medicina omeopatica Medicina tradizionale, ad esempio cinese"
aa45c6c5-3057-574a-a5b4-0d1db7fdd6bc,L'assistenza agli anziani e agli adulti disabili è lo studio dell'assistenza non medica agli anziani e ai disabili. Sono classificati qui i programmi e le qualifiche con i seguenti contenuti principali: Assistenza agli anziani Assistenza non medica agli adulti disabili Cura personale degli adulti  === Esclusioni Lo studio dell'assistenza sanitaria agli anziani e ai disabili è escluso da questo campo di dettaglio e incluso nel campo di dettaglio 0913 'Infermieristica e ostetricia'.
9a99da99-4507-5e70-bc84-1be765543ceb,I servizi di assistenza all'infanzia e alla gioventù sono lo studio dello sviluppo e dell'assistenza non medica a bambini e giovani. Includono lo studio delle attività ricreative e del tempo libero come servizio sociale per bambini in età scolare e giovani adulti. Sono classificati qui i programmi e le qualifiche con i seguenti contenuti principali: Assistenza all'infanzia Programmi ricreativi per l'infanzia Asili diurni Assistenza non medica ai bambini disabili Servizi per la gioventù Programmi per operatori giovanili  === Esclusioni Lo studio dell'educazione della prima infanzia nelle scuole dell'infanzia è escluso da questo campo di dettaglio e incluso nel campo di dettaglio 0112 'Formazione degli insegnanti di scuola dell'infanzia'. Lo studio dell'assistenza sanitaria ai bambini è escluso da questo campo di dettaglio e incluso nel campo di dettaglio 0913 'Infermieristica e ostetricia'.
548d29fe-4bbb-5dc5-b5f5-f9635eb06cb2,"Il lavoro sociale e il counselling sono lo studio dei bisogni assistenziali delle comunità, di gruppi specifici e degli individui e dei modi appropriati per soddisfarli. Il focus è sull'assistenza sociale, con enfasi sulla politica e sulla pratica sociale. Sono classificati qui i programmi e le qualifiche con i seguenti contenuti principali: Counselling per abuso di alcol e droghe Alcol, tabacco, droghe (conoscenze in materia) Supporto nelle crisi Consulenza familiare e matrimoniale Mobbing e maltrattamento (conoscenze in materia) Formazione per funzionari addetti alla libertà condizionale Formazione per funzionari addetti alla messa alla prova Politica sociale Pratica sociale Teoria sociale (applicata) Lavoro sociale (assistenza) Counselling professionale Orientamento professionale  === Esclusioni Lo studio della sociologia e delle scienze sociali è escluso da questo campo di dettaglio e incluso nel campo di dettaglio 0314 'Sociologia e studi culturali'. Gli studi che combinano assistenza sanitaria e assistenza sociale (ad es. per gli anziani) sono esclusi da questo campo di dettaglio e inclusi nel campo di dettaglio 0913 'Infermieristica e ostetricia'."
8c8d1e5a-afd1-5f2e-ac69-56f31a61376b,Sono classificati qui i programmi e le qualifiche interdisciplinari o ampi in cui il maggior tempo di apprendimento previsto è dedicato alla sanità e all'assistenza sociale.
16b05635-4db5-5b44-b2b0-e562c2c5e8b3,"I servizi domestici sono lo studio di vari servizi domestici, quali governo della casa, pulizia, lavanderia, cucito ecc. Sono classificati qui i programmi e le qualifiche con i seguenti contenuti principali: Custodia, governo della casa e lavoratori dei servizi domestici Spazzacamino Pulizia Cucina (domestica) Scienze domestiche Lavaggio a secco Servizi funebri e scienze mortuarie Economia domestica Lavanderia Lavori di ago (domestici) Cucito (domestico) Pulizia delle finestre  === Inclusioni La pulizia è inclusa qui anche se rivolta alla pulizia di scuole, ospedali, fabbriche ecc.  === Esclusioni Lo studio della manutenzione degli edifici è escluso da questo campo di dettaglio e incluso nel campo di dettaglio 0732 'Edilizia e ingegneria civile'."
15e43c49-a314-5901-8a78-533b81f99d7b,I servizi di parrucchiere ed estetica sono lo studio della cura dei capelli e del corpo a fini estetici. Sono classificati qui i programmi e le qualifiche con i seguenti contenuti principali: Barbiere Trattamenti estetici Cosmetologia (trucco) Fitness e controllo del peso Acconciatura Manicure Pedicure
f4421b58-5498-52ad-b675-36e069ec3f91,"I servizi alberghieri, di ristorazione e catering sono lo studio della fornitura di cibi, bevande, alloggio e servizi correlati presso alberghi, ristoranti ecc. Sono classificati qui i programmi e le qualifiche con i seguenti contenuti principali: Catering Cucina (di tipo alberghiero e ristorativo) Preparazione di fast food Servizio di somministrazione di alimenti Servizi di ospitalità Studi alberghieri e di ristorazione Formazione per receptionist d'albergo Servizi alberghieri Servizio ai tavoli e al bar  === Esclusioni Lo studio della lavorazione degli alimenti (industriale) è escluso da questo campo di dettaglio e incluso nel campo di dettaglio 0721 'Lavorazione degli alimenti'. La formazione per receptionist (generale) è esclusa da questo campo di dettaglio e inclusa nel campo di dettaglio 0415 'Lavoro di segreteria e d'ufficio'."
7eea8021-5501-5fec-892b-a290c19449f7,"Lo sport è lo studio delle tecniche e delle competenze in uno sport prescelto. Sono classificati qui i programmi e le qualifiche con i seguenti contenuti principali: Studi per allenatore sportivo Tecniche e competenze in uno sport prescelto Formazione di arbitri, giudici di gara e altri ufficiali sportivi  === Inclusioni L'attività di fantino è inclusa qui. Il gioco degli scacchi è incluso qui.  === Esclusioni La formazione degli insegnanti scolastici di educazione fisica (insegnanti di sport) è esclusa da questo campo di dettaglio e inclusa nel campo di dettaglio 0114 'Formazione degli insegnanti con specializzazione disciplinare'. I servizi di fitness sono esclusi da questo campo di dettaglio e inclusi nel campo di dettaglio 1012 'Servizi di parrucchiere ed estetica'."
f3ba253a-234a-5c91-afa1-6eb8eacd9be4,"I viaggi e il turismo sono lo studio del marketing e della pubblicità di destinazioni ed eventi turistici. Includono lo studio delle pratiche di biglietteria e prenotazione. Il tempo libero è lo studio delle attività ricreative e del tempo libero per individui e gruppi. Sono classificati qui i programmi e le qualifiche con i seguenti contenuti principali: Discesa in corda doppia (arrampicata su corda) Attività basate sull'avventura Formazione del personale di terra (aeroporto) Guida turistica, accompagnamento di gruppi Ricreazione e tempo libero Programmi per i mestieri del turismo Servizi di agenzia di viaggi Viaggi e turismo Servizi di viaggio  === Inclusioni La formazione di base su come trattare i turisti è inclusa qui.  === Esclusioni Lo studio delle attività ricreative e del tempo libero per bambini in età scolare è escluso da questo campo di dettaglio e incluso nel campo di dettaglio 0922 'Servizi di assistenza all'infanzia e alla gioventù'."
d180d308-41c2-554e-b7ac-863b806a5854,"L'igiene pubblica è lo studio dei servizi alla comunità riguardanti gli elementi che influiscono sulla salute pubblica, quali gli standard igienici degli alimenti, l'approvvigionamento idrico, lo smaltimento di liquami e rifiuti e la pulizia delle strade. Sono classificati qui i programmi e le qualifiche con i seguenti contenuti principali: Igiene della comunità Standard igienici Raccolta dei rifiuti Smaltimento di rifiuti/liquami Pulizia delle strade Approvvigionamento idrico (servizio) Gestione dei rifiuti"
d3e28a92-7bd6-5ba5-a2ee-224e41e01eaf,"La salute e sicurezza sul lavoro è lo studio del riconoscimento, della valutazione e del controllo dei fattori ambientali associati al luogo di lavoro. Sono classificati qui i programmi e le qualifiche con i seguenti contenuti principali: Ergonomia (salute e sicurezza sul lavoro) Salute e sicurezza nel luogo di lavoro Benessere industriale Protezione del lavoro Sicurezza del lavoro Benessere dei lavoratori (sicurezza) Salute occupazionale e igiene industriale Sicurezza sul lavoro Gestione dello stress Ambiente di lavoro  === Esclusioni Lo studio della riabilitazione professionale e della terapia occupazionale è escluso da questo campo di dettaglio e incluso nel campo di dettaglio 0915 'Terapia e riabilitazione'. Lo studio del diritto del lavoro è escluso da questo campo di dettaglio e incluso in 0421 'Diritto'. Lo studio dell'ergonomia è escluso da questo campo di dettaglio se l'enfasi è posta sugli aspetti tecnici ed è incluso nel campo di dettaglio appropriato sotto 071 'Ingegneria e mestieri dell'ingegneria'."
f86ba719-e581-532f-a1f0-c7d7c2f5be68,"Le discipline militari e della difesa sono lo studio dei servizi alla comunità connessi alla guerra e alla difesa, concepiti per fornire formazione sui principi e sulla pratica della scienza militare. Sono classificati qui i programmi e le qualifiche con i seguenti contenuti principali: Addestramento dell'aeronautica Addestramento dell'esercito Studi sulla difesa Scienza militare Addestramento della marina Teoria della guerra  === Esclusioni Il personale militare che partecipa a programmi non militari deve essere classificato in base al contenuto disciplinare del programma di formazione."
6d51aaf3-3fcd-5de9-9f4e-af70dc0602d9,"La protezione di persone e proprietà è lo studio dei servizi alla comunità riguardanti la protezione di beni e persone. Comprende la formazione nel lavoro di polizia, nella sicurezza pubblica, nella protezione antincendio e nella lotta agli incendi. Sono classificati qui i programmi e le qualifiche con i seguenti contenuti principali: Sicurezza civile Programmi doganali Protezione antincendio (lotta agli incendi) Tecnologia antincendio Salvataggio (bagnini) Lavoro di polizia Studi di polizia Lavoro penitenziario Sicurezza pubblica Servizi di sicurezza e prevenzione delle perdite Vigilanza e guardia di sicurezza  === Esclusioni Lo studio del diritto è escluso da questo campo di dettaglio e incluso in 0421 'Diritto'. Lo studio della criminologia è escluso da questo campo di dettaglio e incluso nel campo di dettaglio 0314 'Sociologia e studi culturali'."
a2a788eb-0f93-5ccd-bcf5-8480d9a52ca8,"I trasporti sono lo studio della conduzione, della navigazione e della direzione di navi, treni, aeromobili e altre forme di trasporto. Sono classificati qui i programmi e le qualifiche con i seguenti contenuti principali: Conduzione di aeromobili Controllo del traffico aereo Sicurezza del traffico aereo Formazione del personale di cabina Programmi di comunicazione (aerea, ferroviaria, stradale ecc.) Guida di gru e autocarri Programmi di guida Pilotaggio e navigazione Tecnologie di navigazione Servizio postale Operazioni ferroviarie Conduzione di veicoli stradali a motore Conduzione di navi Navigazione marittima Studi sui trasporti  === Esclusioni I programmi sui servizi di rete telefonica sono esclusi da questo campo di dettaglio e inclusi nel campo di dettaglio 0714 'Elettronica e automazione'. I programmi di servizio di centralino sono esclusi da questo campo di dettaglio e inclusi nel campo di dettaglio 0415 'Lavoro di segreteria e d'ufficio'."
dfac8ecd-c9d6-5967-b15c-e769fbbbddf5,Sono classificati qui i programmi e le qualifiche interdisciplinari in cui il maggior tempo di apprendimento previsto è dedicato ai servizi.
5289e033-0243-5e80-9c81-47a52424fb6a,"Capacità di comunicare attraverso la lettura, la scrittura, l'espressione orale e l'ascolto nella lingua madre e/o in una lingua straniera."
bc608559-3c32-5159-82d9-5127cfea608d,"Tutte le lingue morte, non più attivamente utilizzate, provenienti da vari periodi della storia, come il latino dell'Antichità, il medio inglese del Medioevo, il maya classico delle Americhe precoloniali e l'italiano rinascimentale della prima età moderna."
07503adb-846d-5998-8f3f-f3f549de3bea,"Comunicare, collaborare, mantenere rapporti e negoziare con altre persone, sviluppare soluzioni a problemi, creare piani o specifiche per la progettazione di oggetti e sistemi, comporre testi o musica, esibirsi per intrattenere un pubblico e trasmettere conoscenze ad altri."
93635dd9-cb50-51dc-b067-b747e92f5327,"Comunicare, collaborare, mantenere rapporti e negoziare con altre persone, sviluppare soluzioni a problemi, creare piani o specifiche per la progettazione di oggetti e sistemi, comporre testi o musica, esibirsi per intrattenere un pubblico e trasmettere conoscenze ad altri."
d9d4e1ba-e803-52b0-bcc0-5c6f89a342f2,"Comunicare, collaborare, mantenere rapporti e negoziare con altre persone, sviluppare soluzioni a problemi, creare piani o specifiche per la progettazione di oggetti e sistemi, comporre testi o musica, esibirsi per intrattenere un pubblico e trasmettere conoscenze ad altri."
23b682b3-97ed-504c-bca7-00e834c073fd,"Scambiare idee analizzando le questioni e gli interessi in gioco, consentire alle parti contrapposte di risolvere le controversie e raggiungere un accordo, oppure prendere decisioni per risolvere le controversie o amministrare la giustizia."
f998bbcc-087e-5674-8a0a-31531d04a5c7,"Scambiare idee analizzando le questioni e gli interessi in gioco, consentire alle parti contrapposte di risolvere le controversie e raggiungere un accordo, oppure prendere decisioni per risolvere le controversie o amministrare la giustizia."
39338f28-3396-5968-a33d-fdc91b433c41,"Negoziare e gestire contratti e accordi con altri riguardo a questioni quali prezzi, condizioni di servizio, condizioni di impiego, accesso a terreni e strutture."
88cc7c29-1da8-5828-948c-c0bdb8a53432,"Lavorare con due o più persone o gruppi distinti coinvolti in un disaccordo o in una controversia per giungere a un accordo, una composizione o un compromesso."
3da76393-5f43-56b8-8a19-6bb08448b716,Gestire i reclami provenienti da clienti o personale e rispondervi.
fe778eff-e7e4-5084-94d9-591418f67a6d,"Creare un piano o una specifica per la costruzione di un oggetto, un sistema o una struttura sulla base di concetti di design estetici e/o funzionali."
f3fff469-0223-5b1c-8183-7a8ecd6cd6f7,"Creare un piano o una specifica per la costruzione di un oggetto, un sistema o una struttura sulla base di concetti di design estetici e/o funzionali."
72bf246b-3a56-5591-b9d6-79913612164a,"Creare un piano o una specifica per la progettazione di sistemi informativi, videogiochi, database e reti, sistemi e applicazioni informatici."
c3895078-c566-5f19-bfff-16040f35594a,"Creare un piano o una specifica per la progettazione e lo sviluppo di sistemi, hardware, prodotti e componenti elettrici, elettronici o meccatronici."
9b446a6b-d4f5-5210-b1f3-351be90be3eb,Combinare idee innovative e creative per ideare nuove ricette per prodotti alimentari e bevande e per creare nuovi menù.
3c3e9b29-7220-5f40-8be2-1b638d04a135,"Creare un piano o una specifica per la progettazione e lo sviluppo di strutture fisiche quali edifici, infrastrutture urbane o spazi aperti."
cb931387-f7ad-5f64-af24-8fa73a5c3509,"Creare o eseguire un piano o una specifica per la progettazione di sistemi industriali, di materiali, di prodotti o di produzione, sulla base di concetti di design estetici e/o funzionali."
b426d776-1e09-52aa-a8d0-fffe2d20e1bb,"Creare e sviluppare rappresentazioni visive ed esposizioni, materiali didattici o promozionali, oppure progetti o performance artistici."
d2a5e9fb-8b3a-53f2-8032-fc9e596a3f33,"Creare e sviluppare rappresentazioni visive ed esposizioni, materiali didattici o promozionali, oppure progetti o performance artistici."
a9033933-2d7f-5511-850b-84fafe9a8cd9,"Creare, progettare e disporre elementi grafici, rappresentazioni visive, esposizioni, allestimenti o decorazioni."
4e13028b-aae9-5e1f-b863-eb999169b49c,"Creare e sviluppare materiali per scopi didattici, educativi, pubblicitari o promozionali"
3b69d06c-c3a5-55f8-971f-ae5ea51cf765,"Creare opere d'arte originali come quadri e sculture, oppure creare performance artistiche come danza e teatro per rappresentazioni dal vivo o registrate."
a33f0d91-ae01-5963-a6d2-524c93dc9376,"Scrivere testi o comporre musica, creando opere originali per quanto riguarda formato, stile e contenuto."
05d6bb57-5138-5754-bc75-b339b65f13bc,"Scrivere testi o comporre musica, creando opere originali per quanto riguarda formato, stile e contenuto."
2c728b07-2289-5797-ac4b-1b48cbadf073,Comporre e arrangiare musica.
4f6349c3-3ed7-5c91-9f5e-da88c96cb4ad,"Scrivere testi originali di natura creativa per scopi artistici, giornalistici, promozionali o simili."
0f34df86-58c9-535f-90a2-f3db743183e8,"Scrivere testi originali di natura principalmente funzionale, tecnica o accademica; effettuare l'editing di testi."
54b9508d-a0ca-5781-9143-4d47c237cc36,Svolgere attività per intrattenere un pubblico o migliorare le proprie capacità personali.
af76494f-b2bc-5773-8925-16bf44de1cf7,Svolgere attività per intrattenere un pubblico o migliorare le proprie capacità personali.
94d0746c-0619-5c85-90b3-8f3d554d1936,"Eseguire e praticare attività atletiche per finalità di forma fisica, competitive o artistiche."
01d06c13-1f81-5e4b-a52d-552e5a208dee,"Eseguire, praticare o provare musica, danza, teatro, cerimonie o altri tipi di performance (escluse le performance atletiche) per un pubblico dal vivo o nell'ambito di una sessione di registrazione."
a490504f-c866-5841-9af5-874d20f33594,Svolgere operazioni di gioco in case da gioco e partecipare a giochi d'azzardo.
22e8d156-6d57-518b-8208-d7de6ef81ad4,"Utilizzare più di una lingua o un dialetto per comunicare verbalmente o in forma scritta, o per tradurre da una lingua all'altra."
3d34f13f-0c6e-57a6-8db5-8b65d9467331,"Utilizzare più di una lingua o un dialetto per comunicare verbalmente o in forma scritta, o per tradurre da una lingua all'altra."
c57530d0-4c47-5e17-91c9-3c590292a5ae,"Comunicare con altri in una o più lingue o dialetti stranieri, in forma orale o scritta."
084fe2b2-5cb8-5ec3-8f7a-e14f8e712775,"Tradurre una lingua in un'altra lingua in forma scritta o orale. Abbinare parole ed espressioni ai loro corrispondenti nelle altre lingue, assicurandosi che il messaggio e le sfumature del testo originale siano preservati."
7acea6fe-adfe-566c-8fb9-2f8c0e8c2822,"Sviluppare alleanze, contatti o partenariati e scambiare informazioni con altri."
2ecb91d9-df8b-58f9-a594-6f8b80f698e7,"Sviluppare alleanze, contatti o partenariati e scambiare informazioni con altri."
fa351f73-7203-5e92-8cc7-cfa3194f63a9,"Comunicare con colleghi, clienti e altri gruppi esterni per diffondere informazioni su questioni, problemi e attività operative."
d1b83324-4041-5ac0-8904-5f5e2bc292a6,"Sviluppare alleanze, contatti o partenariati con colleghi, clienti e portatori di interesse."
8c9854e5-2277-5a7e-a122-97743b9e9e4a,"Presentare argomentazioni a favore di qualcosa, come una causa, un'idea o una politica, a beneficio di un'altra persona o di una comunità."
2790bbf0-f661-5eb0-a2ef-ae9a91c1960f,"Rivolgersi ad agenzie esterne, clienti e altre unità organizzative per facilitare lo scambio di informazioni. Collaborare e interagire con agenzie e reparti esterni e interni per adattare la tempistica e la natura delle attività."
751c9e11-896c-56c2-b5c0-c436a9c22a97,"Facilitare l'acquisizione di nuove conoscenze e competenze. Condurre e guidare individui e gruppi attraverso un processo in cui vengono loro insegnate le competenze e le conoscenze necessarie per la vita, per l'apprendimento futuro o per un particolare lavoro o insieme di lavori."
d34dd89c-1d8e-59ef-9ed0-82a467192b07,"Facilitare l'acquisizione di nuove conoscenze e competenze. Condurre e guidare individui e gruppi attraverso un processo in cui vengono loro insegnate le competenze e le conoscenze necessarie per la vita, per l'apprendimento futuro o per un particolare lavoro o insieme di lavori."
4758cfca-b35c-500e-9d8f-342b97844175,Istruire gli studenti nella teoria e nella pratica di materie accademiche o professionali.
a797901e-fdae-59ff-883b-093b1553038d,Insegnare ad altre persone procedure o standard di sicurezza.
311f908f-b300-5955-b6a1-15b9b700858d,"Formare dipendenti, studenti o clienti sulle procedure operative nel luogo di lavoro e dimostrare l'uso di attrezzature o prodotti."
38d473c7-9f89-52d2-bbe6-58d68b75d2fb,"Formare pazienti, operatori sanitari o assistenti su pratiche sanitarie o igieniche, procedure mediche o forma fisica."
94ff2e7d-9aba-54a6-8803-576c2f842162,"Aiutare attivamente individui o gruppi a migliorare i propri punti di forza, le competenze per la vita, le prestazioni, le capacità di apprendimento e la fiducia in sé stessi e a ottimizzare specifici metodi, competenze o abilità."
e2c8e715-62c2-53db-b90a-5777da48dc46,Presentare materiale orale o visivo a un pubblico al fine di fornire o interpretare informazioni.
956287f4-a497-5746-ab55-8b9d9cba5ca6,Presentare materiale orale o visivo a un pubblico al fine di fornire o interpretare informazioni.
38810a37-73b1-5f1e-9959-56a6884feb9a,Presentare a un pubblico informazioni di natura non tecnica.
82cdec5e-cbcc-58e1-b527-bd1bb2d665a1,"Presentare a un pubblico informazioni di natura tecnica o accademica, inclusa la presentazione dei risultati di ricerche."
9b32d5d7-7840-5df6-827a-d35833505efb,"Testimoniare, presentare prove o rappresentare clienti nel corso di procedimenti legali."
f6bef6bc-20c0-56df-9d86-ab0bd6f96e8e,"Fornire orientamento e consulenza per consentire l'assunzione di decisioni su compiti, situazioni e processi."
ebd38141-14e6-5056-9a0d-93ace4782036,"Fornire orientamento e consulenza per consentire l'assunzione di decisioni su compiti, situazioni e processi."
a0218ef3-d8bb-5e18-8f10-5f2e8f9058b2,"Discutere questioni legali con clienti, parti in causa o professionisti o personale legale. Spiegare e fornire consulenza ad altri su questioni, regolamenti, politiche o procedure legali."
f60c631c-7a48-5044-a512-0a6b006c6731,Spiegare informazioni finanziarie e fornire consulenza finanziaria.
6ece2175-74cc-5f28-a87d-2a68507fef26,Consigliare altri su prodotti o servizi spiegandone i dettagli tecnici.
7a8c5bab-da11-54f8-9bdd-4a55038761b7,"Spiegare informazioni mediche e sanitarie a pazienti o familiari e/o consigliarli su questioni mediche, di salute o di benessere."
932d0054-9e76-5a70-ae82-f15b737844d1,Fornire informazioni e consulenza sulla protezione dell'ambiente e sulla sostenibilità.
60477553-bdfd-5b18-bbdd-c66dad16f8f7,Fornire informazioni e consulenza sulle possibilità e sugli sviluppi tecnologici e sugli usi della tecnologia.
9902ea26-1efc-5e2a-aa38-7854d12218bc,Fornire informazioni e consulenza per migliorare l'efficienza della produzione e delle operazioni aziendali.
dc249710-970e-5ec2-99eb-cf13e90255e3,"Fornire informazioni, consulenza e orientamento su corsi di istruzione e formazione, metodi di insegnamento e apprendimento, carriere o ricerca di lavoro."
abf039a3-67ab-5151-862a-7646db5d3bb2,Promuovere e fornire informazioni e consulenza sulla salute e sicurezza nel luogo di lavoro.
b7723d5f-1108-552b-a258-7b9bc3793957,"Utilizzare strategie o tecniche di comunicazione per incoraggiare l'accettazione di beni, servizi o idee e per vendere o acquistare beni o servizi."
ec6c4d03-2a00-5e2b-92fe-07d27f219c08,"Utilizzare strategie o tecniche di comunicazione per incoraggiare l'accettazione di beni, servizi o idee e per vendere o acquistare beni o servizi."
3cdb4abb-a385-5973-a7fe-24cf2e0ad859,"Raccogliere ordini e vendere beni o servizi a individui, famiglie o imprese."
29d6bc2e-4504-5d81-a51c-d3c5aa1ac8c5,"Promuovere, pubblicizzare e commercializzare beni, servizi, programmi o politiche."
0f8728a8-2314-591b-877e-294e9c8a803a,"Acquistare e ordinare beni, servizi e forniture."
53e44282-0bc4-5db0-b2d9-148a19664d01,Porre domande e ascoltare gli altri per ottenere informazioni.
8cf5bf9d-8811-52d3-b903-7cad9ab0617e,Porre domande e ascoltare gli altri per ottenere informazioni.
09c8b19d-92a7-5d1a-9254-ecb98fd3a053,"Interagire verbalmente in modo formale, di solito mediante domande strutturate, per raccogliere informazioni, rilevare opinioni o determinare l'idoneità di individui a lavori, ruoli o compiti."
695ad9b0-b287-5925-9708-dcc60df98242,"Partecipare a discussioni al fine di individuare aspettative, requisiti, desideri, bisogni e problemi di clienti, colleghi, studenti e altri."
08bf9ea6-7147-5054-87c9-dad61d37d736,"Ascoltare attentamente ciò che dicono le altre persone, comprendendo con pazienza i punti esposti, formulando e ponendo domande appropriate, senza interrompere in momenti inopportuni."
54be44f9-d15a-54f6-99ff-4c1e09d55ff5,"Lavorare con altre persone, comprendendo e rispettando i ruoli e le competenze degli altri."
dcc2c76e-8d56-51be-80f4-45bf90f86756,"Lavorare con altre persone, comprendendo e rispettando i ruoli e le competenze degli altri."
d7f9f8fa-1287-5311-b401-aec68133e9a5,Lavorare con sicurezza all'interno di un gruppo in cui ciascuno svolge la propria parte al servizio dell'insieme. Comprendere e rispettare i ruoli e le competenze degli altri membri del team.
64b85679-bd81-5519-bef3-cda16ec2f691,"Impartire istruzioni e direttive a colleghi, subordinati o studenti o a membri del pubblico impiegando varie tecniche di comunicazione. Adattare lo stile di comunicazione al pubblico di destinazione affinché le istruzioni siano trasmesse come previsto."
d881cd6c-58ff-5ffa-b425-63aa87f1050b,"Fornire riscontri fondati sulle prestazioni di subordinati, colleghi e studenti, sia attraverso critiche sia attraverso apprezzamenti, in modo rispettoso, chiaro e coerente. Evidenziare tanto i risultati raggiunti quanto gli errori e istituire metodi di valutazione formativa."
e4b20083-d188-5d03-9857-7fcd6ffa5734,Reagire in modo positivo a opinioni e indicazioni valide e ben motivate riguardo al proprio lavoro.
67079e7c-27c7-51c3-86dc-ce9d399ab502,Seguire le istruzioni impartite verbalmente o per iscritto e attenersi a procedure standard o concordate.
513528be-c304-5ae9-932b-de0411f2141c,"Assistere e supportare colleghi, dirigenti, volontari e altri collaboratori nello svolgimento dei loro compiti o nelle operazioni di un'unità aziendale."
db274288-3625-502e-a259-406bf8d1dfa0,"Sviluppare e attuare soluzioni a problemi pratici, operativi o concettuali che emergono nell'esecuzione del lavoro in un'ampia gamma di contesti."
5a02ab1a-d655-52ad-9b00-a2d3e795eb6c,"Sviluppare e attuare soluzioni a problemi pratici, operativi o concettuali che emergono nell'esecuzione del lavoro in un'ampia gamma di contesti."
e23f3f52-240e-514e-8e85-11d42ba9c521,"Sviluppare soluzioni a problemi pratici, operativi o concettuali che emergono nell'esecuzione del lavoro in un'ampia gamma di contesti."
91324804-049e-5518-b44f-3eeb739eafea,"Attuare nuove procedure o processi aziendali per risolvere problemi pratici, operativi o concettuali che emergono nell'esecuzione del lavoro in un'ampia gamma di contesti."
51439e8a-d12c-59c4-a5af-f7372029150a,"Raccogliere, conservare, monitorare e utilizzare informazioni; condurre studi, indagini e test; tenere registrazioni; gestire, valutare, elaborare, analizzare e monitorare informazioni e proiettarne i risultati."
f69ea752-4c4b-511a-83f4-2cf796e92f79,"Raccogliere, conservare, monitorare e utilizzare informazioni; condurre studi, indagini e test; tenere registrazioni; gestire, valutare, elaborare, analizzare e monitorare informazioni e proiettarne i risultati."
deeef289-c838-5498-b6a0-fb83c06e3462,"Raccogliere, conservare, monitorare e utilizzare informazioni; condurre studi, indagini e test; tenere registrazioni; gestire, valutare, elaborare, analizzare e monitorare informazioni e proiettarne i risultati."
676aa2b8-0e2d-525b-b7da-44b83899e1b7,"Condurre studi, indagini ed esami per accrescere la conoscenza e la comprensione, diagnosticare problemi o individuare bisogni e requisiti."
3772dad3-05fe-5d3a-b2b3-e6b0121c6856,"Condurre studi, indagini ed esami per accrescere la conoscenza e la comprensione, diagnosticare problemi o individuare bisogni e requisiti."
892a93a3-2050-556e-8437-530a584a169a,"Condurre studi di ricerca, indagini o rilevazioni per accrescere la conoscenza e la comprensione in ambito accademico o aziendale."
98d796a7-33a8-52ae-9a91-d8b9215d9337,"Esaminare pazienti, persone decedute o animali per diagnosticare malattie fisiche e mentali, lesioni e condizioni mediche."
cab8c1b9-7fae-53b2-8095-2e79f4b1247c,"Leggere e interpretare documentazione quale progetti tecnici, schemi elettrici, piante architettoniche."
ab9c6e9b-49c8-5ec0-aaa4-c42186b2cba1,Svolgere indagini di polizia o forensi per accrescere le conoscenze relative ai reati.
83c459db-186b-5505-9853-a43286f6ceb5,"Tenere registrazioni di informazioni, transazioni e attività in formato digitale, cartaceo o di altro tipo."
416e7549-4b9c-510a-a8d5-4dfb6212c34a,"Tenere registrazioni di informazioni, transazioni e attività in formato digitale, cartaceo o di altro tipo."
d57a502c-c4bc-5155-8a91-57769ed4df30,"Preparare e tenere registrazioni e rendiconti standardizzati su transazioni, vendite, informazioni finanziarie e bilanci."
2bc0561b-0fd1-520b-ba4b-463db0a2916d,Registrare informazioni e preparare documentazione e rapporti standardizzati su questioni legali.
cb89498f-c119-5c75-a871-e8b4b3928fe5,"Preparare domande e tenere la documentazione standardizzata per il rilascio di contratti, licenze o permessi."
7845143c-bd71-5e0f-9cb5-cca0ac9723a0,"Tenere cartelle sanitarie e mediche e preparare rapporti standardizzati sullo stato di salute, sulle condizioni mediche o sui risultati di esami medici."
7823caf2-3631-5aa0-9c41-b13a5e90f1da,"Tenere le registrazioni necessarie a fini operativi, come quelle relative a personale, clienti, produzione e inventari di magazzino."
369d3f47-5909-5870-905a-ffb55b919fb8,"Preparare e mantenere documentazione e specifiche di progetti, attrezzature e procedure operative."
8fa6864c-5406-5718-b9bb-9be64c47208b,"Segnalare e tenere registrazioni di eventi, reclami e attrezzature o materiali difettosi."
e5ccbed4-4b92-59f8-90bb-ed085f613432,"Impostare e gestire sistemi manuali o elettronici per conservare, selezionare, organizzare, recuperare, distribuire e proteggere le informazioni."
1f02a1a5-e4dd-5e2e-89d9-5f6245abca36,"Impostare e gestire sistemi manuali o elettronici per conservare, selezionare, organizzare, recuperare, distribuire e proteggere le informazioni."
fe7fcbef-5d18-54fd-9b75-f46cf5979741,"Inserire, registrare, trascrivere e aggiornare dati utilizzando sistemi informativi elettronici o manuali."
88230bc1-2cb9-5cbe-ba69-552815329df7,"Inserire, registrare, trascrivere e aggiornare dati utilizzando sistemi informativi elettronici o manuali."
62dcdcba-b097-51de-a8bc-e7951817138e,"Raccogliere, compilare o reperire informazioni da fonti digitali, cartacee o di altro tipo."
5bbafba1-5e98-57fe-a368-a71eeb75a509,Inserire e trasformare informazioni in sistemi informativi elettronici o di altro tipo.
cb4d19cc-e5a1-5345-9183-cf8a7f79bec8,"Misurare le dimensioni, il peso, la densità e altre proprietà fisiche di oggetti, materiali e spazi."
2d6b1c98-8011-5866-99cc-7bc7d81978d0,"Misurare le dimensioni, il peso, la densità e altre proprietà fisiche di oggetti, materiali e spazi."
6ae2794f-27f0-5e96-8ba5-a20ee6c1e39f,"Misurare le dimensioni, la densità e altre proprietà fisiche di oggetti, materiali, persone e spazi."
e48d759c-f993-53d5-88d7-63125c57679b,Misurare il peso di oggetti e persone.
c88ef084-2723-568f-9c02-29f04adde770,Eseguire calcoli matematici e stimare i risultati di un'azione o di una serie di azioni.
aaa1de4f-ae44-5725-9bbb-9e606a7f0c1b,Eseguire calcoli matematici e stimare i risultati di un'azione o di una serie di azioni.
77cdab0c-98fd-52b7-b29c-774853ee4633,"Eseguire calcoli matematici su dati finanziari, spaziali, scientifici o di altro tipo, con o senza l'uso di strumenti elettronici."
f04bd1d0-34d1-5a09-bc14-5c239a7a7053,Determinare o stimare valori o prezzi di beni o servizi.
5dd52010-049f-5164-b98b-b5f49649d382,"Calcolare e stimare i costi e i volumi delle risorse umane e materiali necessarie per intraprendere progetti, riparazioni o altri compiti."
cabaecf9-5321-5059-b116-9a6158fd5c10,Esaminare dati o fatti per determinare azioni o raccomandazioni appropriate; confrontare e valutare criticamente la credibilità e l'affidabilità delle fonti di dati; formulare e difendere giudizi basati su evidenze interne e criteri esterni.
48c12f9a-646a-5fc8-86bc-5755dbab64cd,Esaminare dati o fatti per determinare azioni o raccomandazioni appropriate; confrontare e valutare criticamente la credibilità e l'affidabilità delle fonti di dati; formulare e difendere giudizi basati su evidenze interne e criteri esterni.
f30b45aa-db9c-54f8-85e9-736bf3cf4230,"Valutare l'idoneità di terreni o edifici a future vendite, usi, sviluppi o conservazione e stimarne il valore."
7d8b5d4c-0d0a-599c-96a2-048b204d6881,Analizzare dati e valutare informazioni raccolte da test e indagini scientifici e medici.
aad21d90-bea3-530c-9124-9725a24fbf3f,Analizzare e valutare informazioni e dati sulle finanze e sulle tendenze economiche e di mercato.
8ada3a69-6179-54d1-abc5-216d23ff436e,Analizzare e valutare informazioni e dati sulla produzione e sulle operazioni aziendali.
573855b5-7cea-5f54-bca0-218abed484ec,"Individuare e valutare i fattori che possono avere conseguenze finanziarie negative, compromettere il successo di un progetto o di un'attività, esporre gli individui a pericoli, causare danni a proprietà e attrezzature o minacciare il funzionamento di un'organizzazione. Attuare procedure per evitarne o minimizzarne l'impatto."
2d794ef4-cfc5-5def-aaae-4bc7e81992c7,"Valutare e analizzare informazioni sulle prestazioni di sistemi, processi, pratiche, programmi, attrezzature o prodotti."
86ad39c7-d140-5878-9395-cba42d415684,"Esaminare e ispezionare problemi, siti o oggetti per valutarne il funzionamento o la conformità a standard, leggi o regolamenti."
4c1b48a9-2ff4-51b0-9f73-42e089754179,"Esaminare e ispezionare problemi, siti o oggetti per valutarne il funzionamento o la conformità a standard, leggi o regolamenti."
12ee97c8-41f3-5685-9b10-e89869dfa40e,Ispezionare e monitorare la funzionalità di sistemi e apparecchiature elettrici e meccanici.
db11c9e1-4486-5565-b81f-a48b496253a0,"Monitorare il processo di fabbricazione dei prodotti, verificarne la qualità ed esaminarli alla ricerca di difetti."
ac86f173-4138-5a39-b32b-3bd6b74b74d6,"Ispezionare veicoli e altri macchinari pesanti utilizzati per il trasporto, come carichi, automobili e altri veicoli."
2482badd-f9e8-54bf-84aa-330c39717100,Monitorare le operazioni di un'impresa o di un'organizzazione per garantire prestazioni adeguate e la conformità ai requisiti normativi.
5483e03d-3e0b-59b9-9f77-062583dffaaa,"Monitorare parametri per mantenere la consapevolezza dei livelli delle risorse finanziarie e delle spese, delle scorte e del contesto economico."
62391852-b4e6-52a4-a756-438dca3d4cf1,"Monitorare e ispezionare la sicurezza o la protezione di aree di lavoro, strutture o proprietà."
759a197d-3770-53bb-865f-4cd33916e543,"Misurare e mantenere la consapevolezza dei cambiamenti delle condizioni ambientali, inclusi il meteo, la qualità dell'aria e dell'acqua e l'impatto delle attività umane sulla natura."
e8065893-8340-5612-9376-78e6641f070c,"Monitorare le condizioni di salute di esseri umani o animali durante tutto il loro ciclo di vita o in occasioni specifiche, come la gravidanza o un intervento chirurgico."
fabdb9e1-7a3e-5602-b1c4-5acbf4501e97,"Eseguire test e analisi di gas, fluidi o sostanze solide, come campioni di sangue, colture cellulari e campioni di alimenti e bevande."
8a3ceeee-fade-52de-985f-894c5228c230,"Eseguire controlli di sicurezza e qualità alimentare su ingredienti, materie prime e prodotti alimentari finiti per verificare che soddisfino gli standard richiesti."
c521a1fd-2207-5faf-b6e2-79e6ab5670da,"Monitorare e mantenere aggiornate le conoscenze riguardo a nuove ricerche, metodologie, regolamenti, politiche, sviluppi tecnologici e altri cambiamenti significativi rilevanti per un particolare campo di specializzazione."
c3f1417c-45b5-55ed-8dea-47d3b6694eee,"Monitorare e mantenere aggiornate le conoscenze riguardo a nuove ricerche, metodologie, regolamenti, politiche, sviluppi tecnologici e altri cambiamenti significativi rilevanti per un particolare campo di specializzazione."
3fcf7ae4-d2ea-5cea-bc17-d180b673cf64,"Fornire assistenza, sostegno, cura, servizio e supporto alle persone e garantire la conformità a regole, standard, linee guida o leggi."
d232da48-5dfc-5f70-b665-96e4f626a29a,"Fornire assistenza, sostegno, cura, servizio e supporto alle persone e garantire la conformità a regole, standard, linee guida o leggi."
0e415d8b-e7fd-5477-b7f8-4e7a33ae148d,"Fornire assistenza, sostegno, cura, servizio e supporto alle persone e garantire la conformità a regole, standard, linee guida o leggi."
e928c2ac-777e-5c0b-acda-4e0cbfa22c36,Rispondere ai bisogni dei clienti interpretandone gli stati emotivi e motivazionali e determinando e fornendo il supporto o gli interventi appropriati.
cec81a21-8086-5e0d-896d-16936f257322,Rispondere ai bisogni dei clienti interpretandone gli stati emotivi e motivazionali e determinando e fornendo il supporto o gli interventi appropriati.
a33878d1-3796-59ca-8468-08276b586849,Rispondere ai bisogni dei clienti interpretandone gli stati emotivi e motivazionali e aiutandoli a comprendere la propria situazione.
3d8261b9-9718-5504-9da1-0798f180abe5,"Fornire sostegno o interventi adeguati ad altre persone per aiutarle a risolvere i loro problemi personali, familiari o sociali."
9430d576-29e3-5560-967a-be6c3fc9aacc,"Assistere altre persone nell'accesso a servizi e prestazioni sociali, legali o di altro tipo, anche indirizzandole ad altri professionisti e organizzazioni."
29ce7993-db19-50f3-a10e-792c77754ddf,Trattare lesioni e patologie attraverso la prestazione di assistenza sanitaria e cure mediche alle persone.
b2dd3aa3-42f7-507c-a394-efc9dffcd40e,Trattare lesioni e patologie attraverso la prestazione di assistenza sanitaria e cure mediche alle persone.
8436647e-9ae5-5a62-8112-ef766c0c1b46,Trattare lesioni e patologie negli esseri umani attraverso la somministrazione di farmaci e la prestazione di altre cure mediche e di assistenza infermieristica.
560d27f7-8d2a-5601-b2e7-e80ad17c1847,Trattare lesioni e patologie attraverso l'esecuzione di vari tipi di interventi chirurgici.
cc5c1b34-4f17-5891-91c3-cd86993f9583,"Trattare lesioni e patologie mediante fisioterapia, massaggi, chiropratica e altre terapie fisiche."
d2d8b804-ae82-5470-887d-288b2b31d303,"Trattare le patologie umane attraverso la prestazione di terapie psicologiche, occupazionali, musicali o affini."
0d0938fd-b890-580b-8339-564c030a1d4c,"Prescrivere esami medici quali analisi del sangue o diagnostica per immagini, pianificare percorsi terapeutici e prescrivere farmaci o dispositivi medici e protesici."
70ae1664-a8b4-57b3-9a36-b89b693cc84c,Applicare e adattare dispositivi di assistenza quali protesi o ortesi a pazienti o clienti.
81531266-eb74-53c1-b362-9dd4437ba6e1,"Rispondere alle esigenze di sicurezza pubblica e personale e garantire la conformità a regole, norme, linee guida o leggi."
4cdb1ac9-b4db-5b8c-8a30-2146ea481198,"Rispondere alle esigenze di sicurezza pubblica e personale e garantire la conformità a regole, norme, linee guida o leggi."
14bb32a8-15c6-55bc-a15c-ec8cbf917be3,"Garantire la conformità a regole, norme, linee guida, leggi o buone pratiche relative alla salute e alla sicurezza propria, dei colleghi, dei dipendenti e del pubblico."
70ebffea-e72f-5327-a1db-c32df76e20e6,"Garantire la conformità a regolamenti, norme, linee guida, leggi o pratiche relative alla protezione dell'ambiente."
dbe39904-60e9-51a9-8013-5afb38d9702c,"Garantire la conformità a procedure operative, norme o linee guida a livello aziendale relative a materie diverse dalla salute, dalla sicurezza e dall'ambiente."
0eb26d61-d12f-5297-8814-b110228c9c81,"Controllare la documentazione delle persone, quali patenti di guida, documenti di identità ufficiali, documenti di viaggio e biglietti, al fine di garantire la conformità alle disposizioni di legge, identificare gli individui e valutarne il diritto di accesso a servizi, aree o strutture."
99cf06c3-a131-5c2c-844f-64b0bd892e18,Garantire la sicurezza e l'incolumità di persone e beni mediante azioni fisiche.
bd80c5ba-d4b4-5ed8-ac9f-d05d1a418cb6,"Utilizzare e condividere informazioni identificabili relative a individui o imprese nel rispetto dei principi di protezione dei dati, della privacy e della riservatezza."
811db726-301f-574b-a017-84de85a1fe71,Garantire la conformità a leggi e normative nazionali o internazionali.
24ff4b28-84e6-54a0-8d7e-01cc6f87ef10,"Assistere il pubblico rispondendo a domande, formulando raccomandazioni e fornendo informazioni o supporto in risposta alle richieste."
311f13c9-3583-5bfd-86de-6075c8ae1881,"Assistere il pubblico rispondendo a domande, formulando raccomandazioni e fornendo informazioni o supporto in risposta alle richieste."
1e3319af-bf04-5bfc-9fad-f97f33ebc630,"Rispondere a domande, formulare raccomandazioni e fornire informazioni o supporto in risposta alle richieste di clienti, committenti, ospiti o membri del pubblico."
8af1c6a3-142d-5b96-af37-60486bc2ce44,"Accogliere, accompagnare o supportare clienti, avventori, visitatori e altre persone aiutandole a sentirsi a proprio agio e assistendole in attività quali trovare posto a sedere, effettuare prenotazioni e utilizzare le strutture in occasione di eventi sociali, uscite o viaggi."
afbb7068-6305-54ee-9b82-1317b4d8180f,"Fornire assistenza pratica e servizi ai clienti e al pubblico nell'utilizzo di servizi e strutture, ad esempio aiutando nel disbrigo di pratiche o supportando le loro esigenze particolari."
51ad68c6-4b65-5361-98a2-eae531f53a45,Fornire servizi di somministrazione di alimenti e bevande.
47a5c02d-a2ba-595e-9949-f590b7a560b5,Fornire servizi di somministrazione di alimenti e bevande.
f19e71b6-5e14-5817-b449-de8321d8e98a,Preparare e cucinare pasti e bevande.
eb340a5c-181b-5c94-ab87-edf0485dce92,"Servire alimenti e bevande ai clienti in ristoranti, mense, caffè, bar, mezzi di trasporto o altri luoghi."
752ed40a-dde2-580b-98d4-2c42d408b408,Rispondere alle esigenze di cura personale quotidiane e occasionali delle persone.
aa791580-6a2f-5e28-a788-4182a572a388,Rispondere alle esigenze di cura personale quotidiane e occasionali delle persone.
54a524bd-2d1f-5a3e-9cb8-af2811b8ae2d,"Spostare o assistere nello spostamento persone con mobilità ridotta a causa di malattie, incidenti, disabilità o procedure mediche."
67c8e317-aa87-5d96-8a20-2307cfd09195,"Assistere altre persone nelle esigenze e nella cura personale, quali lavarsi, vestirsi, alimentarsi, rilassarsi e trovare conforto."
d0e9d29b-21ef-5ac1-94c7-05a68f3cc261,Fornire cura e assistenza ai bambini.
7b7e61b7-3ecf-5c52-8dc9-6ed5c953e1d1,"Curare, acconciare o rimuovere capelli e peli, applicare il trucco e fornire trattamenti estetici, per ottenere l'aspetto desiderato dai clienti o richiesto per finalità quali le rappresentazioni teatrali."
90f19a7f-51ca-5fd3-b849-e21dfdd52b50,"Gestire persone, attività, risorse e organizzazione; sviluppare obiettivi e strategie, organizzare le attività lavorative, assegnare e controllare le risorse nonché guidare, motivare, reclutare e supervisionare persone e team."
6baf0292-5883-51d3-b1cf-2bb04d232aa2,"Gestire persone, attività, risorse e organizzazione; sviluppare obiettivi e strategie, organizzare le attività lavorative, assegnare e controllare le risorse nonché guidare, motivare, reclutare e supervisionare persone e team."
fc1b30ac-2a13-5d41-81ba-8e2f58c57eea,"Gestire persone, attività, risorse e organizzazione; sviluppare obiettivi e strategie, organizzare le attività lavorative, assegnare e controllare le risorse nonché guidare, motivare, reclutare e supervisionare persone e team."
20b32507-4503-5945-946f-1cfa41f289b1,"Prefigurare uno stato futuro e sviluppare strategie, finalità, obiettivi e piani d'azione per conseguirlo."
68b70992-2a74-5fdd-8817-a79e4051ee13,"Prefigurare uno stato futuro e sviluppare strategie, finalità, obiettivi e piani d'azione per conseguirlo."
5cd79235-9f5b-5946-a43c-4bf6ac19a7d5,Individuare opportunità commerciali o organizzative.
dbd13b46-56bf-5650-8030-7294e8888bef,"Concepire e sviluppare strategie e piani per imprese e organizzazioni finalizzati a scopi quali la creazione di nuovi mercati, il rinnovo delle attrezzature e dei macchinari di un'azienda, l'attuazione di strategie di prezzo e il ripristino o il mantenimento della sostenibilità finanziaria."
52b48bcd-3a41-5589-9994-14e431ab903f,"Sviluppare metodi, politiche, procedure o standard organizzativi e operativi a livello aziendale per garantire la razionalizzazione dei processi operativi."
e42460e6-edd5-57ec-9a52-5fccef0bab46,Sviluppare politiche e normative nazionali o internazionali per regolamentare le condotte o stabilire standard minimi in settori e ambiti di regolamentazione specifici.
fcd84b15-eb7d-5c70-818e-deb604c1207f,Sviluppare piani per la promozione e la protezione della salute pubblica e della comunità e per l'erogazione di servizi sanitari.
debfc4ef-9224-599f-9e50-599fb0da1f30,"Sviluppare programmi, piani o procedure di istruzione e formazione destinati alla società in generale, a gruppi specifici o su misura per le esigenze di apprendimento individuali."
25b2c506-b1f7-5a9d-996a-7ef86d27ca9d,"Redigere e aggiornare procedure che delineano le azioni specifiche da intraprendere in caso di emergenza o evento avverso, tenendo conto di tutti i rischi e i pericoli potenzialmente coinvolti e garantendo che i piani siano conformi alla normativa in materia di sicurezza e rappresentino la linea d'azione più sicura."
d418f323-63ed-586a-b7f8-8ab3a808e0fb,"Dirigere attività e compiti, stabilire calendari e coordinare le attività di gruppi e individui per completare gli obiettivi nei tempi previsti e nel rispetto del budget."
5122bae7-4201-5b86-887f-a7236ba8f307,"Dirigere attività e compiti, stabilire calendari e coordinare le attività di gruppi e individui per completare gli obiettivi nei tempi previsti e nel rispetto del budget."
fc9e23e1-eea9-53c8-b918-fed1f1f0c1b9,"Dirigere, supervisionare e coordinare attività operative, progetti e compiti in un'organizzazione."
6237d26b-cc00-5d58-bf62-fecb8bfd52d4,"Pianificare il flusso di lavoro e i contenuti di progetti, eventi o programmi."
c72007a9-8f41-54a4-b392-062b182ac40a,"Dirigere, supervisionare e coordinare il flusso di lavoro di progetti e programmi, quali i progetti di ricerca e sviluppo."
f779a936-012c-5c9d-8ad0-482b0e43924d,"Pianificare, sovrintendere e dirigere la logistica o altre attività operative relative al trasporto di merci o passeggeri."
85156565-1ce1-54aa-94f4-c5663caf1531,Predisporre il piano di produzione per la realizzazione efficace di un prodotto o servizio.
916ecb73-ae5f-5cef-a4c3-4e58d3587003,"Determinare la distribuzione e la disponibilità di persone, beni, materiali o capitali per conseguire gli obiettivi organizzativi e predisporre controlli finanziari e amministrativi."
c35e3b14-c5b5-5358-aa7c-4d5c5b86af55,"Determinare la distribuzione e la disponibilità di persone, beni, materiali o capitali per conseguire gli obiettivi organizzativi e predisporre controlli finanziari e amministrativi."
a86a6aed-60ae-5ed5-b643-b21bf536112f,Determinare la distribuzione e la disponibilità delle attività finanziarie e predisporre controlli finanziari e amministrativi.
3880a752-1e8d-53e5-9be4-c8a0163c3564,Svolgere compiti amministrativi e d'ufficio relativi all'amministrazione delle risorse umane. Determinare la distribuzione e la disponibilità delle persone per conseguire gli obiettivi organizzativi.
947a6174-38f3-5c18-aa7a-d53bb3a7b853,Determinare e controllare la distribuzione e la disponibilità di beni materiali quali strumenti e attrezzature.
a0c1f05f-1b0b-53c8-8e5c-2baa46b1be26,"Svolgere compiti amministrativi quali la redazione di relazioni, l'ordinazione di forniture, la gestione della corrispondenza, garantendo l'efficienza di sistemi, processi e banche dati amministrativi."
689c88d3-1427-59a0-b605-1a351c4dcffa,"Svolgere compiti amministrativi quali la redazione di relazioni, l'ordinazione di forniture, la gestione della corrispondenza, garantendo l'efficienza di sistemi, processi e banche dati amministrativi."
de4f83eb-5cb4-5f9c-b145-37978e72e0b9,Eseguire transazioni finanziarie o commerciali quali l'emissione di fatture di vendita o di ordini di acquisto.
3b2f8bf5-6fbb-5d49-a938-d5822dfcab68,"Svolgere compiti generali d'ufficio e amministrativi, quali la raccolta della posta e l'organizzazione dei documenti, che non comportano l'amministrazione delle risorse umane, l'esecuzione di transazioni finanziarie o l'elaborazione e la trasformazione di informazioni o dati."
1a3c8fcb-3a06-555d-b411-f56ec1c90844,"Rafforzare la visione di un'organizzazione, ispirando ed entusiasmando gli altri per conseguire risultati positivi. Questo gruppo è incentrato sulle competenze di motivazione e ispirazione degli altri, piuttosto che sulla gestione e supervisione di un team."
7cb4b973-2015-58fd-a0a7-03ac3dae611a,"Rafforzare la visione di un'organizzazione, ispirando ed entusiasmando gli altri per conseguire risultati positivi. Questo gruppo è incentrato sulle competenze di motivazione e ispirazione degli altri, piuttosto che sulla gestione e supervisione di un team."
20c2b14b-d916-53ef-ae2f-eb2c1a9bc714,"Incoraggiare i membri del team e costruire una relazione di fiducia, rispetto e cooperazione reciproci. Stimolare le attività di team building."
ee927ca8-6308-5d0c-b87e-8d0d62c5a296,"Incoraggiare i membri del team e costruire una relazione di fiducia, rispetto e cooperazione reciproci. Stimolare le attività di team building."
19016345-16a7-56bc-9363-ce8dff1fd6b3,Acquisire i talenti adeguati per realizzare la missione dell'organizzazione.
4a3573c8-b96d-558d-89f7-0edf889b2870,Acquisire i talenti adeguati per realizzare la missione dell'organizzazione.
24422d30-dcc0-5144-bef2-f41040930138,Assegnare responsabilità ad altri e dirigerne e monitorarne le prestazioni.
0779baad-86ab-57e2-8aaa-bcb6fa5b4c53,Assegnare responsabilità ad altri e dirigerne e monitorarne le prestazioni.
2010e387-0033-579f-8da7-7403505e79f3,"Gestire, guidare o supervisionare le attività di un team o di un gruppo di lavoratori o studenti."
895c265c-f14c-5b82-abf5-8783cfd4d170,Assegnare compiti specifici a lavoratori o studenti.
7f6fc9be-c0de-5307-a90e-f6ca875e568c,"Monitorare il comportamento o le prestazioni di lavoratori, studenti o di sé stessi per garantire che il lavoro sia completato in modo soddisfacente e per valutare prestazioni, capacità ed esigenze formative."
52f6ee6f-c55e-5f20-addb-7d6e79fe0f88,Compiere una scelta tra diverse possibilità alternative.
6204ece1-2671-5a02-8a01-bfc584504018,Compiere una scelta tra diverse possibilità alternative.
b1141b17-e24c-54ee-8931-8e79adf98150,"Utilizzare computer e altri strumenti digitali per sviluppare, installare e manutenere software e infrastrutture ICT e per navigare, cercare, filtrare, organizzare, archiviare, recuperare e analizzare dati, per collaborare e comunicare con gli altri e per creare e modificare nuovi contenuti."
e4e23f74-1e98-5aff-ac4e-753a9bd3c51c,"Utilizzare computer e altri strumenti digitali per sviluppare, installare e manutenere software e infrastrutture ICT e per navigare, cercare, filtrare, organizzare, archiviare, recuperare e analizzare dati, per collaborare e comunicare con gli altri e per creare e modificare nuovi contenuti."
12bd146b-01fd-5f9d-998d-d8528097beb4,"Utilizzare computer e altri strumenti digitali per sviluppare, installare e manutenere software e infrastrutture ICT e per navigare, cercare, filtrare, organizzare, archiviare, recuperare e analizzare dati, per collaborare e comunicare con gli altri e per creare e modificare nuovi contenuti."
a3cc9c85-cd98-5005-810b-7413f03da2ef,"Scrivere e inviare istruzioni, specifiche e programmi per computer."
06fa0115-a542-5522-a6d1-ebcab1ce706c,"Scrivere e inviare istruzioni, specifiche e programmi per computer."
6aab574b-f294-582d-ba39-ba4407f7e7e6,"Configurare e proteggere sistemi informatici, reti o sistemi informativi analoghi e risolverne i problemi."
332bfa52-e7dd-50ac-ac4b-b799d96a6ef6,"Configurare e proteggere sistemi informatici, reti o sistemi informativi analoghi e risolverne i problemi."
219e2637-c49f-5d8d-97c5-9af69162ffec,"Configurare computer, reti o sistemi informativi analoghi. Installare software e configurare reti informatiche."
eca9fcc6-dca5-5136-be1a-d5c9fee253fe,"Ricorrere a strumenti e metodi per proteggere e massimizzare la sicurezza dei dispositivi ICT e delle informazioni controllando gli accessi, ad esempio richiedendo password, firme digitali e identificazione biometrica, e proteggendo i sistemi mediante l'uso di software."
57d2a14e-c8b2-587e-ae1d-8de7784e08a6,Individuare problemi tecnici di sistemi e dispositivi ICT ed eseguire azioni per risolverli.
7e2f4e73-c01e-5524-b59d-a4b23604de51,"Utilizzare strumenti digitali per navigare, cercare, filtrare, organizzare, archiviare, recuperare e analizzare dati, informazioni e contenuti digitali, per collaborare e comunicare con gli altri e per creare e modificare nuovi contenuti."
d3695acf-5307-5504-8579-f0f1edf4aa03,"Utilizzare strumenti digitali per navigare, cercare, filtrare, organizzare, archiviare, recuperare e analizzare dati, informazioni e contenuti digitali, per collaborare e comunicare con gli altri e per creare e modificare nuovi contenuti."
af481f08-8cfe-5650-8351-a9fc058cbb84,"Articolare i bisogni informativi, cercare dati, informazioni e contenuti negli ambienti digitali, accedervi e navigarvi. Creare e aggiornare strategie di ricerca personali."
f6ae71be-5838-5002-915f-8ea133daff03,"Utilizzare strumenti digitali per organizzare, raccogliere, conservare, recuperare e archiviare dati, informazioni e contenuti digitali."
abcfd655-e717-5cc0-a20b-aba06742874d,"Utilizzare software e hardware ICT per collaborare e comunicare con gli altri, creando e modificando nuovi contenuti (dall'elaborazione di testi alle immagini e ai video) e risolvendo problemi concettuali, tecnici e pratici."
1c7b0de9-6cba-541a-b207-b95aa249ca85,"Utilizzare software e hardware ICT per collaborare e comunicare con gli altri, creando e modificando nuovi contenuti (dall'elaborazione di testi alle immagini e ai video) e risolvendo problemi concettuali, tecnici e pratici."
95fd01cb-7968-573f-be12-abad0c74ef85,Utilizzare software e hardware ICT per collaborare e comunicare con gli altri e per migliorare la produttività.
a5030127-2020-5878-a0d1-dce5d92cc176,Utilizzare software e hardware ICT per sviluppare e modificare il contenuto di documenti e materiali audiovisivi e prepararli per la pubblicazione.
f7e0166e-210b-5f4e-b6f7-a3216e39bebf,"Utilizzare software e hardware ICT per collaborare e comunicare con gli altri, creando e modificando nuovi contenuti (dall'elaborazione di testi alle immagini e ai video) e risolvendo problemi concettuali, tecnici e pratici."
a1e15d55-548c-5371-9031-7b927a8d5d52,Utilizzare software e hardware ICT per l'elaborazione di suoni e immagini.
d6576b90-ff47-5925-af4e-f9141faa9dcd,Impartire comandi a macchine e apparecchiature a controllo computerizzato trasmettendo i dati e gli input appropriati.
fc157385-700a-504e-b8b1-b91c93979f01,Impartire comandi a macchine e apparecchiature a controllo computerizzato trasmettendo i dati e gli input appropriati.
c8e46064-4002-51c8-952a-f5e11dc55e0d,"Smistare, disporre, spostare, trasformare, fabbricare e pulire merci e materiali a mano o utilizzando strumenti e attrezzature portatili. Prendersi cura di piante, colture e animali."
8ba1eae2-bbeb-5b82-90d0-7750b7e3ffe1,"Smistare, disporre, spostare, trasformare, fabbricare e pulire merci e materiali a mano o utilizzando strumenti e attrezzature portatili. Prendersi cura di piante, colture e animali."
a41f7985-ac6d-581a-86a0-e8a9f8b278ca,"Smistare, disporre, spostare, trasformare, fabbricare e pulire merci e materiali a mano o utilizzando strumenti e attrezzature portatili. Prendersi cura di piante, colture e animali."
98779f3d-2e71-544d-922a-0612d7466798,"Smistare, imballare, separare o disporre materiali secondo schemi o procedure stabiliti."
b891fda3-b42a-5a4a-bfd8-daea5ecd0358,"Smistare, imballare, separare o disporre materiali secondo schemi o procedure stabiliti."
76c0e6e0-f2bb-526b-9d3a-832597e1b5b4,"Disporre i materiali in categorie o gruppi predeterminati, secondo schemi o procedure stabiliti."
6c7495f8-43b9-540a-8140-e2e4696074b8,Marcare o etichettare oggetti o materiali per identificarli per tipo o singolarmente.
9bc3a954-d9ae-58f1-921c-6064501cb2de,"Confezionare o proteggere i prodotti per la distribuzione o lo stoccaggio secondo un sistema coordinato di preparazione delle merci per il trasporto, il magazzinaggio, la logistica, la vendita e l'uso."
ecdd4a28-e0d9-51e7-b669-3f9db6094f6b,"Pulire edifici, aree di lavoro, attrezzature, macchinari e veicoli."
45e7d605-9e5e-5881-839a-415502335472,"Pulire edifici, aree di lavoro, attrezzature, macchinari e veicoli."
9a306da2-fafd-589c-b980-674a7304a08c,"Eseguire operazioni di pulizia dopo l'utilizzo di strumenti, attrezzature, macchinari e veicoli e pulire i pezzi in lavorazione durante o dopo la fabbricazione."
ef9ff361-e73f-5172-88a6-24941544c74e,Pulire spazi interni e arredi nonché l'esterno di edifici e strutture analoghe.
235b1c77-db57-5add-984a-b27542643b04,Pulire spazi pubblici esterni quali strade o parchi.
64fe45b7-f53f-5310-9c66-ac02a4ee54e6,"Lavare o pulire indumenti e altri prodotti tessili a mano o utilizzando una lavatrice o una macchina da lavanderia, mantenendo gli articoli tessili in buono stato."
52c483a2-6d58-58f2-8003-2f71385bc3c7,"Lavare o pulire indumenti e altri prodotti tessili a mano o utilizzando una lavatrice o una macchina da lavanderia, mantenendo gli articoli tessili in buono stato."
8c0d6883-b92f-5306-a385-67438402d81c,"Raccogliere, stoccare e smaltire materiali di scarto o pericolosi, secondo le procedure stabilite di gestione dei rifiuti."
86bcf0e2-0aaf-5daf-849d-dd25a6d84c8c,"Raccogliere, stoccare e smaltire materiali di scarto o pericolosi, secondo le procedure stabilite di gestione dei rifiuti."
37619557-1547-5a51-ad0a-c25f22f998f8,"Manipolare, raccogliere, stoccare e smaltire materiali che rappresentano minacce rilevanti per la salute pubblica o personale o per l'ambiente."
e8e471c7-4a44-5172-a100-fe1281f68a5e,Raccogliere e smaltire materiali di scarto non pericolosi secondo le procedure stabilite di gestione dei rifiuti.
6760e662-a579-53f4-9c2c-72ae1b8b7a39,"Svolgere attività fisiche per spostare, caricare, scaricare o immagazzinare oggetti, posizionare pezzi in lavorazione o attrezzature per l'assemblaggio, o per arrampicarsi su strutture, a mano o con l'ausilio di attrezzature."
82e50c0b-9867-59bc-8705-38e6b1b4f29c,"Svolgere attività fisiche per spostare, caricare, scaricare o immagazzinare oggetti o per arrampicarsi su strutture, a mano o con l'ausilio di attrezzature."
f419f5b1-9351-55c8-9d0e-6ae3d3680bc6,"Caricare, fissare o scaricare prodotti, materiali o attrezzature per il trasporto, lo stoccaggio o l'ulteriore lavorazione, a mano o utilizzando attrezzature portatili o ad azionamento manuale."
174031d5-8234-5555-8135-36478472afbe,"Spostare o sollevare merci, materiali, forniture o risorse, a mano o con l'ausilio di attrezzature, mediante azioni quali sollevare, spingere, trasportare o spalare."
ea0fc25f-3ce0-5141-bde7-f89237d9a2e2,Collocare merci e materiali in magazzino a mano o con l'ausilio di attrezzature portatili o ad azionamento manuale.
e2c6e673-fc73-5515-8862-1c564cba8231,"Collocare pezzi in lavorazione, materiali, strumenti o attrezzature nella posizione corretta per l'assemblaggio o le lavorazioni successive."
d83611d6-9cee-5c68-b6b1-55bb822ada15,"Trasformare i materiali da una forma a un'altra mediante miscelazione, mescolatura, riscaldamento o reazione chimica, a mano o utilizzando strumenti e attrezzature portatili."
41b7a233-d068-5f23-afee-2b6d1084b5ea,"Trasformare i materiali da una forma a un'altra mediante miscelazione, mescolatura, riscaldamento o reazione chimica, a mano o utilizzando strumenti e attrezzature portatili."
26d819fd-b033-5160-b175-8807b9cc856e,"Miscelare e mescolare vari tipi di materiali solidi o liquidi, a mano o utilizzando strumenti e attrezzature portatili."
aff5caa3-ed9c-52ad-849a-bd240bd7c0b4,"Preparare vari tipi di materiali per l'ulteriore lavorazione o per l'uso, impiegando tecniche quali il riscaldamento, la schiumatura per rimuovere le impurità o l'immersione di oggetti in soluzioni detergenti o di rivestimento."
5a4e88be-98f1-5b02-adbe-0243f4856bcd,"Prelevare, preparare o conservare, secondo necessità, campioni o esemplari di prodotti, liquidi, sostanze chimiche o materiali organici affinché siano pronti per prove e analisi."
abb17ca5-fe9c-5b4b-a6c7-cae52c20c52e,"Propagare, coltivare, potare, curare e raccogliere piante e colture."
8bb6f859-d07d-507b-9868-22a57301eee1,"Propagare, coltivare, potare, curare e raccogliere piante e colture."
b026eab1-6c35-5b6d-8867-6aadfeac10cf,Preparare e mantenere i terreni per uso agricolo o orticolo e favorire la crescita delle piante.
dddb09d0-c291-5599-ae9e-5624d0c3420d,"Propagare e piantare alberi, fiori e altre piante per la produzione di colture alimentari e altri prodotti, per la valorizzazione dell'ambiente o per la ricerca scientifica."
577a1412-a96c-539a-8918-398bf7073395,"Fabbricare, assemblare o riparare prodotti o ausili di lavoro a mano o utilizzando strumenti e attrezzature portatili."
600dad13-d234-55d2-9c01-99aae72952d8,"Fabbricare, assemblare o riparare prodotti o ausili di lavoro a mano o utilizzando strumenti e attrezzature portatili."
983e94e6-dc57-566a-b22f-456a71675abf,"Assemblare, fabbricare o riparare strumenti di precisione, quali dispositivi ottici, orologi e strumenti musicali, a mano o utilizzando strumenti e attrezzature portatili."
6e50a19b-a3ce-58ee-88c2-b3e8ea5bfdfa,"Fabbricare, manutenere o riparare dispositivi medici, odontoiatrici, ortesici o protesici."
6c327ffe-d518-5ba1-aa05-1ba0258a011e,"Assemblare prodotti elettrici ed elettronici, esclusi i dispositivi medici o protesici, a mano o utilizzando strumenti e attrezzature portatili."
e9f64ec3-f6c0-5a5b-bb6c-f3b45dc35c52,Assemblare prodotti meccanici a mano o utilizzando strumenti e attrezzature portatili.
5257ea7d-bba2-5a63-9231-3288014bb251,Assemblare e riparare mobili a mano o utilizzando strumenti e attrezzature portatili.
ddce8350-9db8-55e4-818d-02f436fcb635,"Fabbricare, modificare e riparare indumenti e prodotti tessili a mano o utilizzando strumenti e attrezzature portatili."
4b2027c6-677b-5016-a911-4a63c383689e,"Fabbricare alimenti, bevande e prodotti correlati a mano o utilizzando strumenti e attrezzature portatili."
c5be9f96-c2ee-5327-abf8-84b29cd948c3,Fabbricare prodotti del tabacco a mano o utilizzando strumenti e attrezzature portatili.
7edf0d91-33b4-5872-98c2-4ce85a11b23e,"Realizzare stampi, calchi e modelli o sagome bidimensionali e costruire modelli tridimensionali di prodotti."
a1d976b1-542d-5141-8d0d-c304e518338d,"Realizzare stampi, calchi e modelli o sagome bidimensionali e costruire modelli tridimensionali di prodotti."
c21e1043-8a75-549d-a835-427bbe9768c5,Costruire stampi per la fabbricazione di oggetti in vari materiali e realizzare calchi riempiendo gli stampi con materiali liquidi destinati alla solidificazione.
84654411-3c6c-5117-add7-31139026cdba,Creare modelli o sagome bidimensionali per finalità quali il taglio e la fabbricazione di articoli di forme e dimensioni diverse o il posizionamento di elementi.
c95442ab-5895-5063-86c0-cb7410de5e45,Costruire modelli fisici tridimensionali di prodotti.
fe26b69b-8c34-5fbc-8059-1ea77a790307,"Utilizzare le mani e strumenti impugnabili, compresi gli utensili elettrici."
da5f3491-cc9d-5bf5-a6da-5d687855be37,"Utilizzare le mani e strumenti impugnabili, compresi gli utensili elettrici."
5892eb99-3a22-5553-a554-f0f8457719d0,Tagliare vari tipi di materiali utilizzando strumenti e attrezzature portatili.
bc3150da-f544-527b-8d64-7b0bb04b6f36,Modificare la forma di vari tipi di materiali a mano o utilizzando utensili manuali.
621b5738-1eb6-5601-85d9-0a47b6e0131d,"Creare superfici lisce su vari tipi di materiali impiegando tecniche quali molatura, piallatura, levigatura e lucidatura, utilizzando strumenti portatili."
6d6356de-1fe2-5625-bbbb-f94f6ed97c0d,"Utilizzare strumenti portatili elettronici, meccanici, elettrici od ottici per lavori di precisione."
fedba01c-d396-5402-9991-19a0abdd03e5,"Utilizzare martelli, scalpelli, chiodatrici e attrezzature per rivettatura portatili, manuali o motorizzati."
33a6d879-8e86-5cfa-b83d-c415681dcb5d,"Manipolare, spostare, alimentare e curare animali vivi."
ccf9d546-6041-5d7f-ae19-f66d86966cef,"Manipolare, spostare, alimentare e curare animali vivi."
0ca00a98-7635-50b2-b4fc-764bf7c51fee,"Riprodurre, allevare e accudire bestiame non acquatico quale bovini, pollame e api."
907ddcb2-588c-5eec-8ad8-517a208c73dc,"Riprodurre, allevare e raccogliere stock acquatici e di acquacoltura quali pesci, molluschi e crostacei."
81dfeba8-f269-5883-8119-3e1a0ba2e718,"Dirigere, controllare o contenere il movimento di animali vivi per trasferirli in veicoli, recinti, aree di alimentazione e altri spazi chiusi, o per agevolare la toelettatura, le procedure veterinarie o la macellazione."
5c3f1bcd-ab5e-592b-a2a0-4e2caaa08b4c,"Cacciare, intrappolare o catturare animali selvatici o uccelli, o macellare animali in cattività, per finalità quali l'ottenimento di alimenti o prodotti di origine animale, il controllo degli organismi nocivi o la gestione della fauna selvatica."
f5468a67-708c-5508-8c13-a05c9e7b6c72,"Alimentare e toelettare animali domestici e in cattività di ogni tipo, compresi quelli acquatici."
50e422bd-a1cc-5106-84e4-acbb533086e2,"Addestrare gli animali per agevolarne la gestione zootecnica ordinaria, per scopi professionali o come animali da compagnia, per trattamenti e/o dimostrazioni pubbliche."
bd6147b6-23c0-5d3b-8d89-34aa54d42fb3,Diagnosticare e trattare le patologie degli animali e fornire servizi veterinari quali l'inseminazione artificiale e l'impianto di microchip.
184ec566-e4f6-5b45-be11-7155de7387f2,"Costruire, riparare, installare e rifinire strutture interne ed esterne."
12d3d9e2-34f2-5c05-be7d-2ec31d60c5c9,"Costruire, riparare, installare e rifinire strutture interne ed esterne."
1b2ca0f6-b12e-5598-8210-40b31ad53dc1,"Costruire, riparare, installare e rifinire strutture interne ed esterne."
91fbd7cd-3513-5b5f-afae-6424ed192775,"Formare, sagomare e unire materiali per realizzare strutture quali edifici, ponti o miniere sotterranee secondo specifiche e progetti."
a0338342-4468-5d94-a996-804e284d82b1,"Formare, sagomare e unire materiali per realizzare strutture quali edifici, ponti o miniere sotterranee secondo specifiche e progetti."
3ed12ac8-1433-53ae-b5c7-c70a9ef2a69f,"Realizzare strutture utilizzando materiali da muratura quali mattoni, pietra, blocchi e malta."
f2aef652-850b-53e4-b164-034f97b46fb5,"Installare, assemblare e riparare parti strutturali in legno o metallo."
8aad0bd8-a5eb-5a89-bdf7-d0a5b1fd8824,"Posizionare casseforme e gettare calcestruzzo per la costruzione di fondazioni, palificazioni, pilastri e muri di edifici, ponti e altre strutture."
df5ce8cb-a0b1-5ca7-a823-8e823822f816,"Costruire, installare e manutenere tetti e grondaie."
022e19ed-59b5-51a0-a009-aade4bf92791,"Unire pezzi di metallo mediante l'applicazione di calore utilizzando tecniche di saldatura dolce, saldatura o brasatura."
bb153c2c-07ed-590c-ad5e-f754e4990cb0,"Installare, assemblare o costruire elementi edilizi quali pareti in cartongesso, porte, finestre e scale."
dac90549-e19b-57de-b9b5-a17843acccef,"Installare e assemblare attrezzature di imbracatura e sollevamento quali cavi, funi, pulegge e argani per fissare in sicurezza strutture elevate o sollevare carichi pesanti."
36904513-afdd-5725-9187-053c64816903,"Installare, riparare e collaudare impianti e relativi componenti in edifici e altre strutture quali treni e aeromobili."
fd2e43b9-d9ec-57fc-ab3f-9d0d78a64f52,"Installare, riparare e collaudare impianti e relativi componenti in edifici e altre strutture quali treni e aeromobili."
7c485473-faaf-5c6d-8248-31ea2a640ca7,"Installare e riparare apparecchiature di riscaldamento, ventilazione e condizionamento dell'aria."
7958bd4c-dfa6-52c2-95c9-1b4873017805,Installare attrezzature o impianti idraulici o di tubazioni.
c50dd674-2e30-5f0e-84c8-afe5ba0ff02a,Installare materiali per isolare una struttura dalle influenze termiche o acustiche e per prevenire gli incendi.
2459b260-5f0c-5b27-b3ce-744c38070f24,Applicare finiture interne ed esterne a edifici e altre strutture.
20b77372-078e-5fe4-a7a1-1fa07de9eca7,Applicare finiture interne ed esterne a edifici e altre strutture.
cd9b89bc-1260-5d86-9742-575a3b060604,"Applicare vari tipi di materiale per riempire o sigillare fessure nelle superfici di muri, pavimenti, arredi, veicoli o altri elementi."
6e49c994-ad06-594d-a1e7-18921b5dd616,Applicare intonaco o materiali simili a una superficie.
f61147dd-f376-54e8-a019-d4ce761a99d6,"Applicare pittura, lacca, carta da parati o altri rivestimenti a superfici o oggetti utilizzando pennelli, rulli, pistole a spruzzo o attrezzature simili."
1f089096-1013-5387-b4c0-71f3929fc9b7,"Installare vari tipi di rivestimenti per pavimenti e pareti, comprese piastrelle, moquette, linoleum e parquet."
f1fdd3d9-d9c2-5eb2-84c6-423b931e1b11,"Controllare, azionare e monitorare veicoli, macchinari fissi e mobili nonché strumentazione e apparecchiature di precisione."
bdbb6945-5903-5307-91d6-1ac86791110f,"Controllare, azionare e monitorare veicoli, macchinari fissi e mobili nonché strumentazione e apparecchiature di precisione."
626a823e-0903-58ac-bd1d-277a38673e26,"Controllare, azionare e monitorare veicoli, macchinari fissi e mobili nonché strumentazione e apparecchiature di precisione."
5b87bd50-7ffb-55d0-ad9d-ba0374fddac9,"Controllare il funzionamento di macchinari la cui mobilità è parte integrante della loro funzione, quali attrezzature per movimento terra, agricole, forestali e di sollevamento."
9edc51ee-466e-5008-99f0-7f9ba31736c5,"Controllare il funzionamento di macchinari la cui mobilità è parte integrante della loro funzione, quali attrezzature per movimento terra, agricole, forestali e di sollevamento."
84d6f3bf-5260-56ba-840a-3fd751359952,"Azionare attrezzature per spostare, scavare, livellare o modellare il terreno."
2542ac5e-f4ac-5bcb-9934-1a9c269484b0,"Azionare attrezzature mobili specificamente progettate per finalità agricole o forestali, quali la coltivazione dei terreni o la raccolta di colture e alberi."
46274b75-9732-5fad-8174-10e51891bc21,"Azionare attrezzature per il sollevamento e lo spostamento di oggetti, quali gru, paranchi, funivie e carrelli elevatori."
d2273035-eba8-588c-af16-6022f1a2e38a,"Guidare veicoli su strada o fuoristrada, quali motocicli, automobili, furgoni, autocarri e autobus, per il trasporto di merci o persone su strada."
0d050243-47ef-5cea-8b7f-0f8b659c1e1d,"Guidare veicoli su strada o fuoristrada, quali motocicli, automobili, furgoni, autocarri e autobus, per il trasporto di merci o persone su strada."
8af8672e-f4df-5427-9120-85de5f54985b,"Guidare veicoli pesanti, quali autocarri pesanti e autobus, per il trasporto di merci o persone su strada."
73edec7d-553b-5667-86fc-427bc3987d82,"Controllare il movimento di veicoli leggeri quali motocicli, automobili, taxi, furgoni e autocarri leggeri."
a4da9014-436b-507b-b381-9a16330fa65b,Controllare il movimento di veicoli su rotaia quali treni e tram.
6c4e807a-70c0-5de0-8dc4-0fa0099268ab,"Condurre e controllare il movimento di natanti e mezzi subacquei, comprese navi, imbarcazioni e altri tipi di mezzi nautici."
22311057-edc2-564d-91f2-a2912a17c038,"Condurre e controllare il movimento di natanti e mezzi subacquei, comprese navi, imbarcazioni e altri tipi di mezzi nautici."
f4269a36-b4f1-5635-85a7-a064039a48e7,Azionare e monitorare vari tipi di macchinari fissi a controllo meccanico o computerizzato per l'estrazione o la lavorazione di materie prime.
20b60c75-4e9f-5906-8d57-c0c364e7b84b,Azionare e monitorare vari tipi di macchinari fissi a controllo meccanico o computerizzato per l'estrazione o la lavorazione di materie prime.
063e99d2-f20e-5f35-9c73-06417e4c2181,Azionare macchinari per l'estrazione e la lavorazione di rocce e minerali o per la trivellazione e la perforazione di pozzi e gallerie.
f99223cb-804e-504b-aba5-768c67b1f045,"Azionare e sorvegliare macchinari per la lavorazione, la fabbricazione e la finitura di metalli e semilavorati metallici."
1b8b5c02-2907-5aca-82db-1be255302fa9,Azionare macchinari e attrezzature per il pompaggio di liquidi.
b9d40396-3ffc-5822-8d0c-a0d88926b6d2,"Azionare turbine, generatori, caldaie o centrali elettriche per generare moto rotatorio, elettricità e calore. Azionare sistemi di trasmissione dell'energia."
c9d72b42-338a-5c45-98dd-add65d36d437,"Azionare macchinari per la produzione, la raffinazione o la purificazione di petrolio, sostanze chimiche, gas o acqua."
57d2477a-cb8f-5ef0-8c14-3c22cefb9766,Azionare macchinari per la lavorazione del legno e del legname e per la produzione di pasta di legno e carta.
e5d89fca-27a5-50cd-b060-6b606d28d475,"Azionare, monitorare e regolare i comandi di apparecchiature per il riscaldamento o l'essiccazione di materiali e prodotti ad alte temperature, quali forni e fornaci."
e45dc34a-43b5-541e-92e3-12259e12fdb1,Azionare e monitorare vari tipi di macchinari fissi a controllo meccanico o computerizzato per la fabbricazione di beni.
63cf7974-f515-5642-8a1f-433d9ad2c608,Azionare e monitorare vari tipi di macchinari fissi a controllo meccanico o computerizzato per la fabbricazione di beni.
63b41cc2-6308-5342-b741-dadae0acc0f7,Azionare macchinari per applicare pitture o rivestimenti alla superficie di prodotti o materiali.
35ed8599-50a4-5f72-925b-b653206bc2c1,"Azionare, sorvegliare e monitorare macchinari per il confezionamento o l'imbottigliamento di prodotti."
4ee4d77b-d946-5c3b-be9c-39d51427ae7e,"Azionare e sorvegliare macchinari per la fabbricazione e il trattamento di prodotti tessili, in pelliccia e in pelle."
495651f9-9e60-5c8c-948c-8ec1bcc7d282,Azionare e sorvegliare macchinari per la lavorazione di alimenti e altri materiali organici e per la fabbricazione di prodotti alimentari e correlati.
677d9271-225b-58fc-806f-de6e6753307a,"Azionare macchinari per miscelare, mescolare e separare materiali liquidi o solidi."
301e352f-3a70-5bef-9a8f-7a99f91c4679,Azionare e sorvegliare macchinari per la stampa e la riproduzione fotografica.
956f6a75-54fc-5d65-adbe-95f9726d321c,"Azionare e sorvegliare macchinari per stampare, pressare o formare metallo, plastica, gomma o altri materiali in una forma determinata."
e3a97f73-a63d-5bc4-be42-c0d6266da029,"Azionare e sorvegliare macchinari per tagliare, molare e levigare pezzi in lavorazione di metallo, legno, plastica o vari altri materiali."
e2cb3508-de41-59ab-9c7b-0b7812480c73,"Controllare, monitorare e regolare strumentazione e apparecchiature di precisione per un'ampia gamma di finalità."
98def940-aa93-5513-ad27-41218038cee3,"Controllare, monitorare e regolare strumentazione e apparecchiature di precisione per un'ampia gamma di finalità."
4a8121fe-3ce4-500e-a11b-bd355f67eb34,"Controllare, monitorare e regolare strumentazione e apparecchiature di precisione utilizzate per la diagnosi e il trattamento di patologie."
3a9ac8df-79bc-5622-8c14-4782795492d3,"Controllare, monitorare e regolare strumentazione e apparecchiature di precisione per la registrazione di suoni, video e immagini e per l'impiego in spettacoli dal vivo o esposizioni."
6209591f-3e4e-5cda-a65a-24d3638f9284,"Controllare, monitorare e regolare strumentazione e apparecchiature di precisione per la conduzione di esperimenti scientifici e test diagnostici."
23dd45ed-509b-5388-8ae7-c64645ed9866,"Controllare, monitorare e regolare apparecchiature di telecomunicazione, navigazione, trasmissione radio o radiodiffusione."
a17fa486-9c78-514d-8ff6-e650c585886c,"Controllare, monitorare e regolare strumentazione e apparecchiature di precisione per la produzione industriale."
120452a6-a769-5297-a5e5-30f9f2c5d7bd,"Utilizzare, leggere e monitorare strumenti e apparecchiature per misurazioni di precisione."
942bf1c1-3c02-55d9-b2fb-e92ee5807278,"Installare, manutenere e riparare attrezzature, componenti e dispositivi meccanici fissi e mobili."
87b8b458-7cbb-53d7-a8d8-541821aa8e68,"Installare, manutenere e riparare attrezzature, componenti e dispositivi meccanici fissi e mobili."
bb6932e7-2eaf-5344-aa56-7f449ec511e7,"Riparare, smontare, riassemblare e installare attrezzature, componenti e dispositivi meccanici fissi e mobili."
7438ee18-9495-5d58-a225-949b872fb873,"Eseguire la manutenzione di attrezzature, strumenti e dispositivi meccanici per garantirne il funzionamento ottimale."
454afa6c-a8ad-50df-8a59-90d7bc8b62dc,Eseguire la manutenzione di macchinari meccanici e dei relativi componenti funzionali per garantirne il funzionamento ottimale.
f6a6f8e6-b74b-54f6-8478-c3aa565fa3da,"Installare, configurare, manutenere e riparare apparecchiature elettriche ed elettroniche, sistemi di controllo, dispositivi scientifici, strumentazione e apparecchiature di precisione."
54e9b6fb-426a-582f-9d2c-9b36d77cfabb,"Installare, configurare, manutenere e riparare apparecchiature elettriche ed elettroniche, sistemi di controllo, dispositivi scientifici, strumentazione e apparecchiature di precisione."
03127a5c-93e7-5207-a821-92a2a5ed5f51,"Installare, configurare e riparare apparecchiature elettriche, elettroniche, meccatroniche e di precisione, sistemi di controllo, dispositivi scientifici e medici, strumentazione e apparecchiature di precisione."
d48c2cfe-55e9-539b-bf2b-9674252458c5,"Manutenere apparecchiature elettriche, elettroniche e meccatroniche, sistemi di controllo, dispositivi scientifici e medici, strumentazione e apparecchiature di precisione per garantirne il funzionamento continuo od ottimale."
8989c45f-e8df-526b-ac62-f17ad0548db2,"Controllare il movimento di aeromobili, compresi velivoli ad ala fissa, elicotteri e droni."
59684f39-9e42-5d81-b2c8-690cffc72b60,"Controllare il movimento di aeromobili, compresi velivoli ad ala fissa, elicotteri e droni."
