entity_table,entity_ref,field,locale,text,source
sys_occupation_classifications,ISCO_08:1,name,en,Managers,HARVEST
sys_occupation_classifications,ISCO_08:11,name,en,"Chief Executives, Senior Officials and Legislators",HARVEST
sys_occupation_classifications,ISCO_08:111,name,en,Legislators and Senior Officials,HARVEST
sys_occupation_classifications,ISCO_08:1111,name,en,Legislators,HARVEST
sys_occupation_classifications,ISCO_08:1112,name,en,Senior Government Officials,HARVEST
sys_occupation_classifications,ISCO_08:1113,name,en,Traditional Chiefs and Heads of Villages,HARVEST
sys_occupation_classifications,ISCO_08:1114,name,en,Senior Officials of Special-interest Organizations,HARVEST
sys_occupation_classifications,ISCO_08:112,name,en,Managing Directors and Chief Executives,HARVEST
sys_occupation_classifications,ISCO_08:1120,name,en,Managing Directors and Chief Executives,HARVEST
sys_occupation_classifications,ISCO_08:12,name,en,Administrative and Commercial Managers,HARVEST
sys_occupation_classifications,ISCO_08:121,name,en,Business Services and Administration Managers,HARVEST
sys_occupation_classifications,ISCO_08:1211,name,en,Finance Managers,HARVEST
sys_occupation_classifications,ISCO_08:1212,name,en,Human Resource Managers,HARVEST
sys_occupation_classifications,ISCO_08:1213,name,en,Policy and Planning Managers,HARVEST
sys_occupation_classifications,ISCO_08:1219,name,en,Business Services and Administration Managers Not Elsewhere Classified,HARVEST
sys_occupation_classifications,ISCO_08:122,name,en,"Sales, Marketing and Development Managers",HARVEST
sys_occupation_classifications,ISCO_08:1221,name,en,Sales and Marketing Managers,HARVEST
sys_occupation_classifications,ISCO_08:1222,name,en,Advertising and Public Relations Managers,HARVEST
sys_occupation_classifications,ISCO_08:1223,name,en,Research and Development Managers,HARVEST
sys_occupation_classifications,ISCO_08:13,name,en,Production and Specialized Services Managers,HARVEST
sys_occupation_classifications,ISCO_08:131,name,en,"Production Managers in Agriculture, Forestry and Fisheries",HARVEST
sys_occupation_classifications,ISCO_08:1311,name,en,Agricultural and Forestry Production Managers,HARVEST
sys_occupation_classifications,ISCO_08:1312,name,en,Aquaculture and Fisheries Production Managers,HARVEST
sys_occupation_classifications,ISCO_08:132,name,en,"Manufacturing, Mining, Construction and Distribution Managers",HARVEST
sys_occupation_classifications,ISCO_08:1321,name,en,Manufacturing Managers,HARVEST
sys_occupation_classifications,ISCO_08:1322,name,en,Mining Managers,HARVEST
sys_occupation_classifications,ISCO_08:1323,name,en,Construction Managers,HARVEST
sys_occupation_classifications,ISCO_08:1324,name,en,"Supply, Distribution and Related Managers",HARVEST
sys_occupation_classifications,ISCO_08:133,name,en,Information and Communications Technology Service managers,HARVEST
sys_occupation_classifications,ISCO_08:1330,name,en,Information and Communications Technology Service Managers,HARVEST
sys_occupation_classifications,ISCO_08:134,name,en,Professional Services Managers,HARVEST
sys_occupation_classifications,ISCO_08:1341,name,en,Child Care Service Managers,HARVEST
sys_occupation_classifications,ISCO_08:1342,name,en,Health Service Managers,HARVEST
sys_occupation_classifications,ISCO_08:1343,name,en,Aged Care Service Managers,HARVEST
sys_occupation_classifications,ISCO_08:1344,name,en,Social Welfare Managers,HARVEST
sys_occupation_classifications,ISCO_08:1345,name,en,Education Managers,HARVEST
sys_occupation_classifications,ISCO_08:1346,name,en,Financial and Insurance Services Branch managers,HARVEST
sys_occupation_classifications,ISCO_08:1349,name,en,Professional Services Managers Not Elsewhere Classified,HARVEST
sys_occupation_classifications,ISCO_08:14,name,en,"Hospitality, Retail and Other Services Managers",HARVEST
sys_occupation_classifications,ISCO_08:141,name,en,Hotel and Restaurant Managers,HARVEST
sys_occupation_classifications,ISCO_08:1411,name,en,Hotel Managers,HARVEST
sys_occupation_classifications,ISCO_08:1412,name,en,Restaurant Managers,HARVEST
sys_occupation_classifications,ISCO_08:142,name,en,Retail and Wholesale Trade Managers,HARVEST
sys_occupation_classifications,ISCO_08:1420,name,en,Retail and Wholesale Trade Managers,HARVEST
sys_occupation_classifications,ISCO_08:143,name,en,Other Services Managers,HARVEST
sys_occupation_classifications,ISCO_08:1431,name,en,"Sports, Recreation and Cultural Centre Managers",HARVEST
sys_occupation_classifications,ISCO_08:1439,name,en,Services Managers Not Elsewhere Classified,HARVEST
sys_occupation_classifications,ISCO_08:2,name,en,Professionals,HARVEST
sys_occupation_classifications,ISCO_08:21,name,en,Science and Engineering Professionals,HARVEST
sys_occupation_classifications,ISCO_08:211,name,en,Physical and Earth Science Professionals,HARVEST
sys_occupation_classifications,ISCO_08:2111,name,en,Physicists and Astronomers,HARVEST
sys_occupation_classifications,ISCO_08:2112,name,en,Meteorologists,HARVEST
sys_occupation_classifications,ISCO_08:2113,name,en,Chemists,HARVEST
sys_occupation_classifications,ISCO_08:2114,name,en,Geologists and geophysicists,HARVEST
sys_occupation_classifications,ISCO_08:212,name,en,"Mathematicians, Actuaries and Statisticians",HARVEST
sys_occupation_classifications,ISCO_08:2120,name,en,"Mathematicians, Actuaries and Statisticians",HARVEST
sys_occupation_classifications,ISCO_08:213,name,en,Life Science Professionals,HARVEST
sys_occupation_classifications,ISCO_08:2131,name,en,"Biologists, Botanists, Zoologists and Related Professionals",HARVEST
sys_occupation_classifications,ISCO_08:2132,name,en,"Farming, Forestry and Fisheries Advisers",HARVEST
sys_occupation_classifications,ISCO_08:2133,name,en,Environmental Protection Professionals,HARVEST
sys_occupation_classifications,ISCO_08:214,name,en,Engineering Professionals (excluding Electrotechnology),HARVEST
sys_occupation_classifications,ISCO_08:2141,name,en,Industrial and Production Engineers,HARVEST
sys_occupation_classifications,ISCO_08:2142,name,en,Civil Engineers,HARVEST
sys_occupation_classifications,ISCO_08:2143,name,en,Environmental Engineers,HARVEST
sys_occupation_classifications,ISCO_08:2144,name,en,Mechanical Engineers,HARVEST
sys_occupation_classifications,ISCO_08:2145,name,en,Chemical Engineers,HARVEST
sys_occupation_classifications,ISCO_08:2146,name,en,"Mining Engineers, Metallurgists and Related Professionals",HARVEST
sys_occupation_classifications,ISCO_08:2149,name,en,Engineering Professionals Not Elsewhere Classified,HARVEST
sys_occupation_classifications,ISCO_08:215,name,en,Electrotechnology Engineers,HARVEST
sys_occupation_classifications,ISCO_08:2151,name,en,Electrical Engineers,HARVEST
sys_occupation_classifications,ISCO_08:2152,name,en,Electronics Engineers,HARVEST
sys_occupation_classifications,ISCO_08:2153,name,en,Telecommunications Engineers,HARVEST
sys_occupation_classifications,ISCO_08:216,name,en,"Architects, Planners, Surveyors and Designers",HARVEST
sys_occupation_classifications,ISCO_08:2161,name,en,Building Architects,HARVEST
sys_occupation_classifications,ISCO_08:2162,name,en,Landscape Architects,HARVEST
sys_occupation_classifications,ISCO_08:2163,name,en,Product and Garment Designers,HARVEST
sys_occupation_classifications,ISCO_08:2164,name,en,Town and Traffic Planners,HARVEST
sys_occupation_classifications,ISCO_08:2165,name,en,Cartographers and Surveyors,HARVEST
sys_occupation_classifications,ISCO_08:2166,name,en,Graphic and Multimedia Designers,HARVEST
sys_occupation_classifications,ISCO_08:22,name,en,Health Professionals,HARVEST
sys_occupation_classifications,ISCO_08:221,name,en,Medical Doctors,HARVEST
sys_occupation_classifications,ISCO_08:2211,name,en,Generalist Medical Practitioners,HARVEST
sys_occupation_classifications,ISCO_08:2212,name,en,Specialist Medical Practitioners,HARVEST
sys_occupation_classifications,ISCO_08:222,name,en,Nursing and Midwifery Professionals,HARVEST
sys_occupation_classifications,ISCO_08:2221,name,en,Nursing Professionals,HARVEST
sys_occupation_classifications,ISCO_08:2222,name,en,Midwifery Professionals,HARVEST
sys_occupation_classifications,ISCO_08:223,name,en,Traditional and Complementary Medicine Professionals,HARVEST
sys_occupation_classifications,ISCO_08:2230,name,en,Traditional and Complementary Medicine Professionals,HARVEST
sys_occupation_classifications,ISCO_08:224,name,en,Paramedical Practitioners,HARVEST
sys_occupation_classifications,ISCO_08:2240,name,en,Paramedical Practitioners,HARVEST
sys_occupation_classifications,ISCO_08:225,name,en,Veterinarians,HARVEST
sys_occupation_classifications,ISCO_08:2250,name,en,Veterinarians,HARVEST
sys_occupation_classifications,ISCO_08:226,name,en,Other Health Professionals,HARVEST
sys_occupation_classifications,ISCO_08:2261,name,en,Dentists,HARVEST
sys_occupation_classifications,ISCO_08:2262,name,en,Pharmacists,HARVEST
sys_occupation_classifications,ISCO_08:2263,name,en,Environmental and Occupational Health and Hygiene Professionals,HARVEST
sys_occupation_classifications,ISCO_08:2264,name,en,Physiotherapists,HARVEST
sys_occupation_classifications,ISCO_08:2265,name,en,Dieticians and Nutritionists,HARVEST
sys_occupation_classifications,ISCO_08:2266,name,en,Audiologists and Speech Therapists,HARVEST
sys_occupation_classifications,ISCO_08:2267,name,en,Optometrists and Ophthalmic Opticians,HARVEST
sys_occupation_classifications,ISCO_08:2269,name,en,Health Professionals Not Elsewhere Classified,HARVEST
sys_occupation_classifications,ISCO_08:23,name,en,Teaching Professionals,HARVEST
sys_occupation_classifications,ISCO_08:231,name,en,University and Higher Education Teachers,HARVEST
sys_occupation_classifications,ISCO_08:2310,name,en,University and Higher Education Teachers,HARVEST
sys_occupation_classifications,ISCO_08:232,name,en,Vocational education teachers,HARVEST
sys_occupation_classifications,ISCO_08:2320,name,en,Vocational Education Teachers,HARVEST
sys_occupation_classifications,ISCO_08:233,name,en,Secondary Education Teachers,HARVEST
sys_occupation_classifications,ISCO_08:2330,name,en,Secondary Education Teachers,HARVEST
sys_occupation_classifications,ISCO_08:234,name,en,Primary School and Early Childhood Teachers,HARVEST
sys_occupation_classifications,ISCO_08:2341,name,en,Primary School Teachers,HARVEST
sys_occupation_classifications,ISCO_08:2342,name,en,Early Childhood Educators,HARVEST
sys_occupation_classifications,ISCO_08:235,name,en,Other Teaching Professionals,HARVEST
sys_occupation_classifications,ISCO_08:2351,name,en,Education Methods Specialists,HARVEST
sys_occupation_classifications,ISCO_08:2352,name,en,Special Needs Teachers,HARVEST
sys_occupation_classifications,ISCO_08:2353,name,en,Other Language Teachers,HARVEST
sys_occupation_classifications,ISCO_08:2354,name,en,Other Music Teachers,HARVEST
sys_occupation_classifications,ISCO_08:2355,name,en,Other Arts Teachers,HARVEST
sys_occupation_classifications,ISCO_08:2356,name,en,Information Technology Trainers,HARVEST
sys_occupation_classifications,ISCO_08:2359,name,en,Teaching Professionals Not Elsewhere Classified,HARVEST
sys_occupation_classifications,ISCO_08:24,name,en,Business and Administration Professionals,HARVEST
sys_occupation_classifications,ISCO_08:241,name,en,Finance Professionals,HARVEST
sys_occupation_classifications,ISCO_08:2411,name,en,Accountants,HARVEST
sys_occupation_classifications,ISCO_08:2412,name,en,Financial and Investment Advisers,HARVEST
sys_occupation_classifications,ISCO_08:2413,name,en,Financial Analysts,HARVEST
sys_occupation_classifications,ISCO_08:242,name,en,Administration Professionals,HARVEST
sys_occupation_classifications,ISCO_08:2421,name,en,Management and Organization Analysts,HARVEST
sys_occupation_classifications,ISCO_08:2422,name,en,Policy Administration Professionals,HARVEST
sys_occupation_classifications,ISCO_08:2423,name,en,Personnel and Careers Professionals,HARVEST
sys_occupation_classifications,ISCO_08:2424,name,en,Training and Staff Development Professionals,HARVEST
sys_occupation_classifications,ISCO_08:243,name,en,"Sales, Marketing and Public Relations Professionals",HARVEST
sys_occupation_classifications,ISCO_08:2431,name,en,Advertising and Marketing Professionals,HARVEST
sys_occupation_classifications,ISCO_08:2432,name,en,Public Relations Professionals,HARVEST
sys_occupation_classifications,ISCO_08:2433,name,en,Technical and Medical Sales Professionals (excluding ICT),HARVEST
sys_occupation_classifications,ISCO_08:2434,name,en,Information and Communications Technology Sales Professionals,HARVEST
sys_occupation_classifications,ISCO_08:25,name,en,Information and Communications Technology Professionals,HARVEST
sys_occupation_classifications,ISCO_08:251,name,en,Software and Applications Developers and Analysts,HARVEST
sys_occupation_classifications,ISCO_08:2511,name,en,Systems Analysts,HARVEST
sys_occupation_classifications,ISCO_08:2512,name,en,Software Developers,HARVEST
sys_occupation_classifications,ISCO_08:2513,name,en,Web and Multimedia Developers,HARVEST
sys_occupation_classifications,ISCO_08:2514,name,en,Applications Programmers,HARVEST
sys_occupation_classifications,ISCO_08:2519,name,en,Software and Applications Developers and Analysts Not Elsewhere Classified,HARVEST
sys_occupation_classifications,ISCO_08:252,name,en,Database and Network Professionals,HARVEST
sys_occupation_classifications,ISCO_08:2521,name,en,Database Designers and Administrators,HARVEST
sys_occupation_classifications,ISCO_08:2522,name,en,Systems Aministrators,HARVEST
sys_occupation_classifications,ISCO_08:2523,name,en,Computer Network Professionals,HARVEST
sys_occupation_classifications,ISCO_08:2529,name,en,Database and Network Professionals Not Elsewhere Classified,HARVEST
sys_occupation_classifications,ISCO_08:26,name,en,"Legal, Social and Cultural Professionals",HARVEST
sys_occupation_classifications,ISCO_08:261,name,en,Legal Professionals,HARVEST
sys_occupation_classifications,ISCO_08:2611,name,en,Lawyers,HARVEST
sys_occupation_classifications,ISCO_08:2612,name,en,Judges,HARVEST
sys_occupation_classifications,ISCO_08:2619,name,en,Legal Professionals Not Elsewhere Classified,HARVEST
sys_occupation_classifications,ISCO_08:262,name,en,"Librarians, Archivists and Curators",HARVEST
sys_occupation_classifications,ISCO_08:2621,name,en,Archivists and Curators,HARVEST
sys_occupation_classifications,ISCO_08:2622,name,en,Librarians and Related Information Professionals,HARVEST
sys_occupation_classifications,ISCO_08:263,name,en,Social and Religious Professionals,HARVEST
sys_occupation_classifications,ISCO_08:2631,name,en,Economists,HARVEST
sys_occupation_classifications,ISCO_08:2632,name,en,"Sociologists, Anthropologists and Related Professionals",HARVEST
sys_occupation_classifications,ISCO_08:2633,name,en,"Philosophers, Historians and Political Scientists",HARVEST
sys_occupation_classifications,ISCO_08:2634,name,en,Psychologists,HARVEST
sys_occupation_classifications,ISCO_08:2635,name,en,Social Work and Counselling Professionals,HARVEST
sys_occupation_classifications,ISCO_08:2636,name,en,Religious Professionals,HARVEST
sys_occupation_classifications,ISCO_08:264,name,en,"Authors, Journalists and Linguists",HARVEST
sys_occupation_classifications,ISCO_08:2641,name,en,Authors and Related Writers,HARVEST
sys_occupation_classifications,ISCO_08:2642,name,en,Journalists,HARVEST
sys_occupation_classifications,ISCO_08:2643,name,en,"Translators, Interpreters and Other Linguists",HARVEST
sys_occupation_classifications,ISCO_08:265,name,en,Creative and Performing Artists,HARVEST
sys_occupation_classifications,ISCO_08:2651,name,en,Visual Artists,HARVEST
sys_occupation_classifications,ISCO_08:2652,name,en,"Musicians, Singers and Composers",HARVEST
sys_occupation_classifications,ISCO_08:2653,name,en,Dancers and Choreographers,HARVEST
sys_occupation_classifications,ISCO_08:2654,name,en,"Film, Stage and Related Directors and Producers",HARVEST
sys_occupation_classifications,ISCO_08:2655,name,en,Actors,HARVEST
sys_occupation_classifications,ISCO_08:2656,name,en,"Announcers on Radio, Television and Other Media",HARVEST
sys_occupation_classifications,ISCO_08:2659,name,en,Creative and Performing Artists Not Elsewhere Classified,HARVEST
sys_occupation_classifications,ISCO_08:3,name,en,Technicians and Associate Professionals,HARVEST
sys_occupation_classifications,ISCO_08:31,name,en,Science and Engineering Associate Professionals,HARVEST
sys_occupation_classifications,ISCO_08:311,name,en,Physical and Engineering Science Technicians,HARVEST
sys_occupation_classifications,ISCO_08:3111,name,en,Chemical and Physical Science Technicians,HARVEST
sys_occupation_classifications,ISCO_08:3112,name,en,Civil Engineering Technicians,HARVEST
sys_occupation_classifications,ISCO_08:3113,name,en,Electrical Engineering Technicians,HARVEST
sys_occupation_classifications,ISCO_08:3114,name,en,Electronics Engineering Technicians,HARVEST
sys_occupation_classifications,ISCO_08:3115,name,en,Mechanical Engineering Technicians,HARVEST
sys_occupation_classifications,ISCO_08:3116,name,en,Chemical Engineering Technicians,HARVEST
sys_occupation_classifications,ISCO_08:3117,name,en,Mining and metallurgical technicians,HARVEST
sys_occupation_classifications,ISCO_08:3118,name,en,Draughtspersons,HARVEST
sys_occupation_classifications,ISCO_08:3119,name,en,Physical and Engineering Science Technicians Not Elsewhere Classified,HARVEST
sys_occupation_classifications,ISCO_08:312,name,en,"Mining, Manufacturing and Construction Supervisors",HARVEST
sys_occupation_classifications,ISCO_08:3121,name,en,Mining Supervisors,HARVEST
sys_occupation_classifications,ISCO_08:3122,name,en,Manufacturing Supervisors,HARVEST
sys_occupation_classifications,ISCO_08:3123,name,en,Construction Supervisors,HARVEST
sys_occupation_classifications,ISCO_08:313,name,en,Process Control Technicians,HARVEST
sys_occupation_classifications,ISCO_08:3131,name,en,Power Production Plant Operators,HARVEST
sys_occupation_classifications,ISCO_08:3132,name,en,Incinerator and Water Treatment Plant Operators,HARVEST
sys_occupation_classifications,ISCO_08:3133,name,en,Chemical Processing Plant Controllers,HARVEST
sys_occupation_classifications,ISCO_08:3134,name,en,Petroleum and Natural Gas Refining Plant Operators,HARVEST
sys_occupation_classifications,ISCO_08:3135,name,en,Metal Production Process Controllers,HARVEST
sys_occupation_classifications,ISCO_08:3139,name,en,Process Control Technicians Not Elsewhere Classified,HARVEST
sys_occupation_classifications,ISCO_08:314,name,en,Life Science Technicians and Related Associate Professionals,HARVEST
sys_occupation_classifications,ISCO_08:3141,name,en,Life Science Technicians (excluding Medical),HARVEST
sys_occupation_classifications,ISCO_08:3142,name,en,Agricultural Technicians,HARVEST
sys_occupation_classifications,ISCO_08:3143,name,en,Forestry Technicians,HARVEST
sys_occupation_classifications,ISCO_08:315,name,en,Ship and Aircraft Controllers and Technicians,HARVEST
sys_occupation_classifications,ISCO_08:3151,name,en,Ships' Engineers,HARVEST
sys_occupation_classifications,ISCO_08:3152,name,en,Ships' Deck Officers and Pilots,HARVEST
sys_occupation_classifications,ISCO_08:3153,name,en,Aircraft Pilots and Related Associate Professionals,HARVEST
sys_occupation_classifications,ISCO_08:3154,name,en,Air Traffic Controllers,HARVEST
sys_occupation_classifications,ISCO_08:3155,name,en,Air Traffic Safety Electronics Technicians,HARVEST
sys_occupation_classifications,ISCO_08:32,name,en,Health Associate Professionals,HARVEST
sys_occupation_classifications,ISCO_08:321,name,en,Medical and Pharmaceutical Technicians,HARVEST
sys_occupation_classifications,ISCO_08:3211,name,en,Medical Imaging and Therapeutic Equipment Technicians,HARVEST
sys_occupation_classifications,ISCO_08:3212,name,en,Medical and Pathology Laboratory Technicians,HARVEST
sys_occupation_classifications,ISCO_08:3213,name,en,Pharmaceutical Technicians and Assistants,HARVEST
sys_occupation_classifications,ISCO_08:3214,name,en,Medical and Dental Prosthetic Technicians,HARVEST
sys_occupation_classifications,ISCO_08:322,name,en,Nursing and Midwifery Associate Professionals,HARVEST
sys_occupation_classifications,ISCO_08:3221,name,en,Nursing Associate Professionals,HARVEST
sys_occupation_classifications,ISCO_08:3222,name,en,Midwifery Associate Professionals,HARVEST
sys_occupation_classifications,ISCO_08:323,name,en,Traditional and Complementary Medicine Associate Professionals,HARVEST
sys_occupation_classifications,ISCO_08:3230,name,en,Traditional and Complementary Medicine Associate Professionals,HARVEST
sys_occupation_classifications,ISCO_08:324,name,en,Veterinary Technicians and Assistants,HARVEST
sys_occupation_classifications,ISCO_08:3240,name,en,Veterinary Technicians and Assistants,HARVEST
sys_occupation_classifications,ISCO_08:325,name,en,Other Health Associate Professionals,HARVEST
sys_occupation_classifications,ISCO_08:3251,name,en,Dental Assistants and Therapists,HARVEST
sys_occupation_classifications,ISCO_08:3252,name,en,Medical Records and Health Information Technicians,HARVEST
sys_occupation_classifications,ISCO_08:3253,name,en,Community Health Workers,HARVEST
sys_occupation_classifications,ISCO_08:3254,name,en,Dispensing Opticians,HARVEST
sys_occupation_classifications,ISCO_08:3255,name,en,Physiotherapy Technicians and Assistants,HARVEST
sys_occupation_classifications,ISCO_08:3256,name,en,Medical Assistants,HARVEST
sys_occupation_classifications,ISCO_08:3257,name,en,Environmental and Occupational Health Inspectors and Associates,HARVEST
sys_occupation_classifications,ISCO_08:3258,name,en,Ambulance Workers,HARVEST
sys_occupation_classifications,ISCO_08:3259,name,en,Health Associate Professionals Not Elsewhere Classified,HARVEST
sys_occupation_classifications,ISCO_08:33,name,en,Business and Administration Associate Professionals,HARVEST
sys_occupation_classifications,ISCO_08:331,name,en,Financial and Mathematical Associate Professionals,HARVEST
sys_occupation_classifications,ISCO_08:3311,name,en,Securities and Finance Dealers and Brokers,HARVEST
sys_occupation_classifications,ISCO_08:3312,name,en,Credit and Loans Officers,HARVEST
sys_occupation_classifications,ISCO_08:3313,name,en,Accounting Associate Professionals,HARVEST
sys_occupation_classifications,ISCO_08:3314,name,en,"Statistical, Mathematical and Related Associate Professionals",HARVEST
sys_occupation_classifications,ISCO_08:3315,name,en,Valuers and Loss Assessors,HARVEST
sys_occupation_classifications,ISCO_08:332,name,en,Sales and Purchasing Agents and Brokers,HARVEST
sys_occupation_classifications,ISCO_08:3321,name,en,Insurance Representatives,HARVEST
sys_occupation_classifications,ISCO_08:3322,name,en,Commercial Sales Representatives,HARVEST
sys_occupation_classifications,ISCO_08:3323,name,en,Buyers,HARVEST
sys_occupation_classifications,ISCO_08:3324,name,en,Trade Brokers,HARVEST
sys_occupation_classifications,ISCO_08:333,name,en,Business Services Agents,HARVEST
sys_occupation_classifications,ISCO_08:3331,name,en,Clearing and Forwarding Aents,HARVEST
sys_occupation_classifications,ISCO_08:3332,name,en,Conference and Event Planners,HARVEST
sys_occupation_classifications,ISCO_08:3333,name,en,Employment agents and contractors,HARVEST
sys_occupation_classifications,ISCO_08:3334,name,en,Real Estate Agents and Property Managers,HARVEST
sys_occupation_classifications,ISCO_08:3339,name,en,Business Services Agents Not Elsewhere Classified,HARVEST
sys_occupation_classifications,ISCO_08:334,name,en,Administrative and Specialized Secretaries,HARVEST
sys_occupation_classifications,ISCO_08:3341,name,en,Office Supervisors,HARVEST
sys_occupation_classifications,ISCO_08:3342,name,en,Legal Secretaries,HARVEST
sys_occupation_classifications,ISCO_08:3343,name,en,Administrative and Executive Secretaries,HARVEST
sys_occupation_classifications,ISCO_08:3344,name,en,Medical Secretaries,HARVEST
sys_occupation_classifications,ISCO_08:335,name,en,Government Regulatory  Associate Professionals,HARVEST
sys_occupation_classifications,ISCO_08:3351,name,en,Customs and Border Inspectors,HARVEST
sys_occupation_classifications,ISCO_08:3352,name,en,Government Tax and Excise Officials,HARVEST
sys_occupation_classifications,ISCO_08:3353,name,en,Government Social Benefits Officials,HARVEST
sys_occupation_classifications,ISCO_08:3354,name,en,Government Licensing Officials,HARVEST
sys_occupation_classifications,ISCO_08:3355,name,en,Police Inspectors and Detectives,HARVEST
sys_occupation_classifications,ISCO_08:3359,name,en,Government Regulatory AssociatePprofessionals Not Elsewhere Classified,HARVEST
sys_occupation_classifications,ISCO_08:34,name,en,"Legal, Social, Cultural and Related Associate Professionals",HARVEST
sys_occupation_classifications,ISCO_08:341,name,en,"Legal, Social and Religious Associate Professionals",HARVEST
sys_occupation_classifications,ISCO_08:3411,name,en,Legal and Related Associate Professionals,HARVEST
sys_occupation_classifications,ISCO_08:3412,name,en,Social Work Associate Professionals,HARVEST
sys_occupation_classifications,ISCO_08:3413,name,en,Religious Associate Professionals,HARVEST
sys_occupation_classifications,ISCO_08:342,name,en,Sports and Fitness Workers,HARVEST
sys_occupation_classifications,ISCO_08:3421,name,en,Athletes and Sports Players,HARVEST
sys_occupation_classifications,ISCO_08:3422,name,en,"Sports Coaches, Instructors and Officials",HARVEST
sys_occupation_classifications,ISCO_08:3423,name,en,Fitness and Recreation Instructors and Programme Leaders,HARVEST
sys_occupation_classifications,ISCO_08:343,name,en,"Artistic, Cultural and Culinary Associate Professionals",HARVEST
sys_occupation_classifications,ISCO_08:3431,name,en,Photographers,HARVEST
sys_occupation_classifications,ISCO_08:3432,name,en,Interior Designers and Decorators,HARVEST
sys_occupation_classifications,ISCO_08:3433,name,en,"Gallery, Museum and Library Technicians",HARVEST
sys_occupation_classifications,ISCO_08:3434,name,en,Chefs,HARVEST
sys_occupation_classifications,ISCO_08:3435,name,en,Other Artistic and Cultural Associate Professionals,HARVEST
sys_occupation_classifications,ISCO_08:35,name,en,Information and Communications Technicians,HARVEST
sys_occupation_classifications,ISCO_08:351,name,en,Information and Communications Technology Operations and User Support Technicians,HARVEST
sys_occupation_classifications,ISCO_08:3511,name,en,Information and Communications Technology Operations Technicians,HARVEST
sys_occupation_classifications,ISCO_08:3512,name,en,Information and Communications Technology User Support Technicians,HARVEST
sys_occupation_classifications,ISCO_08:3513,name,en,Computer Network and Systems Technicians,HARVEST
sys_occupation_classifications,ISCO_08:3514,name,en,Web Technicians,HARVEST
sys_occupation_classifications,ISCO_08:352,name,en,Telecommunications and Broadcasting Technicians,HARVEST
sys_occupation_classifications,ISCO_08:3521,name,en,Broadcasting and Audio-visual Technicians,HARVEST
sys_occupation_classifications,ISCO_08:3522,name,en,Telecommunications Engineering Technicians,HARVEST
sys_occupation_classifications,ISCO_08:4,name,en,Clerical Support Workers,HARVEST
sys_occupation_classifications,ISCO_08:41,name,en,General and Keyboard Clerks,HARVEST
sys_occupation_classifications,ISCO_08:411,name,en,General Office Clerks,HARVEST
sys_occupation_classifications,ISCO_08:4110,name,en,General Office Clerks,HARVEST
sys_occupation_classifications,ISCO_08:412,name,en,Secretaries (general),HARVEST
sys_occupation_classifications,ISCO_08:4120,name,en,Secretaries (general),HARVEST
sys_occupation_classifications,ISCO_08:413,name,en,Keyboard Operators,HARVEST
sys_occupation_classifications,ISCO_08:4131,name,en,Typists and Word Processing Operators,HARVEST
sys_occupation_classifications,ISCO_08:4132,name,en,Data Entry Clerks,HARVEST
sys_occupation_classifications,ISCO_08:42,name,en,Customer Services Clerks,HARVEST
sys_occupation_classifications,ISCO_08:421,name,en,"Tellers, Money Collectors and Related Clerks",HARVEST
sys_occupation_classifications,ISCO_08:4211,name,en,Bank Tellers and Related Clerks,HARVEST
sys_occupation_classifications,ISCO_08:4212,name,en,"Bookmakers, Croupiers and Related Gaming Workers",HARVEST
sys_occupation_classifications,ISCO_08:4213,name,en,Pawnbrokers and Money-lenders,HARVEST
sys_occupation_classifications,ISCO_08:4214,name,en,Debt Collectors and Related Workers,HARVEST
sys_occupation_classifications,ISCO_08:422,name,en,Client Information Workers,HARVEST
sys_occupation_classifications,ISCO_08:4221,name,en,Travel Consultants and Clerks,HARVEST
sys_occupation_classifications,ISCO_08:4222,name,en,Contact Centre Information Clerks,HARVEST
sys_occupation_classifications,ISCO_08:4223,name,en,Telephone Switchboard Operators,HARVEST
sys_occupation_classifications,ISCO_08:4224,name,en,Hotel Receptionists,HARVEST
sys_occupation_classifications,ISCO_08:4225,name,en,Inquiry Clerks,HARVEST
sys_occupation_classifications,ISCO_08:4226,name,en,Receptionists (general),HARVEST
sys_occupation_classifications,ISCO_08:4227,name,en,Survey and Market Research Interviewers,HARVEST
sys_occupation_classifications,ISCO_08:4229,name,en,Client Information Workers Not Elsewhere Classified,HARVEST
sys_occupation_classifications,ISCO_08:43,name,en,Numerical and Material Recording Clerks,HARVEST
sys_occupation_classifications,ISCO_08:431,name,en,Numerical Clerks,HARVEST
sys_occupation_classifications,ISCO_08:4311,name,en,Accounting and Bookkeeping Clerks,HARVEST
sys_occupation_classifications,ISCO_08:4312,name,en,"Statistical, Finance and Insurance Clerks",HARVEST
sys_occupation_classifications,ISCO_08:4313,name,en,Payroll Clerks,HARVEST
sys_occupation_classifications,ISCO_08:432,name,en,Material Recording and Transport Clerks,HARVEST
sys_occupation_classifications,ISCO_08:4321,name,en,Stock Clerks,HARVEST
sys_occupation_classifications,ISCO_08:4322,name,en,Production Clerks,HARVEST
sys_occupation_classifications,ISCO_08:4323,name,en,Transport Clerks,HARVEST
sys_occupation_classifications,ISCO_08:44,name,en,Other Clerical Support Workers,HARVEST
sys_occupation_classifications,ISCO_08:441,name,en,Other Clerical Support Workers,HARVEST
sys_occupation_classifications,ISCO_08:4411,name,en,Library Clerks,HARVEST
sys_occupation_classifications,ISCO_08:4412,name,en,Mail Carriers and Sorting Clerks,HARVEST
sys_occupation_classifications,ISCO_08:4413,name,en,"Coding, Proofreading and Related Clerks",HARVEST
sys_occupation_classifications,ISCO_08:4414,name,en,Scribes and Related Workers,HARVEST
sys_occupation_classifications,ISCO_08:4415,name,en,Filing and Copying Clerks,HARVEST
sys_occupation_classifications,ISCO_08:4416,name,en,Personnel Clerks,HARVEST
sys_occupation_classifications,ISCO_08:4419,name,en,Clerical Support Workers Not Elsewhere Classified,HARVEST
sys_occupation_classifications,ISCO_08:5,name,en,Service and Sales Workers,HARVEST
sys_occupation_classifications,ISCO_08:51,name,en,Personal Service Workers,HARVEST
sys_occupation_classifications,ISCO_08:511,name,en,"Travel Attendants, Conductors and Guides",HARVEST
sys_occupation_classifications,ISCO_08:5111,name,en,Travel Attendants and Travel Stewards,HARVEST
sys_occupation_classifications,ISCO_08:5112,name,en,Transport Conductors,HARVEST
sys_occupation_classifications,ISCO_08:5113,name,en,Travel Guides,HARVEST
sys_occupation_classifications,ISCO_08:512,name,en,Cooks,HARVEST
sys_occupation_classifications,ISCO_08:5120,name,en,Cooks,HARVEST
sys_occupation_classifications,ISCO_08:513,name,en,Waiters and Bartenders,HARVEST
sys_occupation_classifications,ISCO_08:5131,name,en,Waiters,HARVEST
sys_occupation_classifications,ISCO_08:5132,name,en,Bartenders,HARVEST
sys_occupation_classifications,ISCO_08:514,name,en,"Hairdressers, Beauticians and Related Workers",HARVEST
sys_occupation_classifications,ISCO_08:5141,name,en,Hairdressers,HARVEST
sys_occupation_classifications,ISCO_08:5142,name,en,Beauticians and Related Workers,HARVEST
sys_occupation_classifications,ISCO_08:515,name,en,Building and Housekeeping Supervisors,HARVEST
sys_occupation_classifications,ISCO_08:5151,name,en,"Cleaning and Housekeeping Supervisors in Offices, Hotels and Other Establishments",HARVEST
sys_occupation_classifications,ISCO_08:5152,name,en,Domestic Housekeepers,HARVEST
sys_occupation_classifications,ISCO_08:5153,name,en,Building Caretakers,HARVEST
sys_occupation_classifications,ISCO_08:516,name,en,Other Personal Services Workers,HARVEST
sys_occupation_classifications,ISCO_08:5161,name,en,"Astrologers, Fortune-tellers and Related Workers",HARVEST
sys_occupation_classifications,ISCO_08:5162,name,en,Companions and Valets,HARVEST
sys_occupation_classifications,ISCO_08:5163,name,en,Undertakers and Embalmers,HARVEST
sys_occupation_classifications,ISCO_08:5164,name,en,Pet Groomers and Animal Care Workers,HARVEST
sys_occupation_classifications,ISCO_08:5165,name,en,Driving Instructors,HARVEST
sys_occupation_classifications,ISCO_08:5169,name,en,Personal Services Workers Not Elsewhere Classified,HARVEST
sys_occupation_classifications,ISCO_08:52,name,en,Sales Workers,HARVEST
sys_occupation_classifications,ISCO_08:521,name,en,Street and Market Salespersons,HARVEST
sys_occupation_classifications,ISCO_08:5211,name,en,Stall and Market Salespersons,HARVEST
sys_occupation_classifications,ISCO_08:5212,name,en,Street Food Salespersons,HARVEST
sys_occupation_classifications,ISCO_08:522,name,en,Shop Aalespersons,HARVEST
sys_occupation_classifications,ISCO_08:5221,name,en,Shopkeepers,HARVEST
sys_occupation_classifications,ISCO_08:5222,name,en,Shop Supervisors,HARVEST
sys_occupation_classifications,ISCO_08:5223,name,en,Shop Sales Assistants,HARVEST
sys_occupation_classifications,ISCO_08:523,name,en,Cashiers and Ticket Clerks,HARVEST
sys_occupation_classifications,ISCO_08:5230,name,en,Cashiers and Ticket Clerks,HARVEST
sys_occupation_classifications,ISCO_08:524,name,en,Other Sales Workers,HARVEST
sys_occupation_classifications,ISCO_08:5241,name,en,Fashion and Other Models,HARVEST
sys_occupation_classifications,ISCO_08:5242,name,en,Sales Demonstrators,HARVEST
sys_occupation_classifications,ISCO_08:5243,name,en,Door-to-door Salespersons,HARVEST
sys_occupation_classifications,ISCO_08:5244,name,en,Contact Centre Salespersons,HARVEST
sys_occupation_classifications,ISCO_08:5245,name,en,Service Station Attendants,HARVEST
sys_occupation_classifications,ISCO_08:5246,name,en,Food Service Counter Attendants,HARVEST
sys_occupation_classifications,ISCO_08:5249,name,en,Sales Workers Not Elsewhere Classified,HARVEST
sys_occupation_classifications,ISCO_08:53,name,en,Personal Care Workers,HARVEST
sys_occupation_classifications,ISCO_08:531,name,en,Child Care Workers and Teachers' Aides,HARVEST
sys_occupation_classifications,ISCO_08:5311,name,en,Child Care Workers,HARVEST
sys_occupation_classifications,ISCO_08:5312,name,en,Teachers' Aides,HARVEST
sys_occupation_classifications,ISCO_08:532,name,en,Personal Care Workers in Health Services,HARVEST
sys_occupation_classifications,ISCO_08:5321,name,en,Health Care Assistants,HARVEST
sys_occupation_classifications,ISCO_08:5322,name,en,Home-based Personal Care Workers,HARVEST
sys_occupation_classifications,ISCO_08:5329,name,en,Personal Care Workers in Health Services Not Elsewhere Classified,HARVEST
sys_occupation_classifications,ISCO_08:54,name,en,Protective Services Workers,HARVEST
sys_occupation_classifications,ISCO_08:541,name,en,Protective Services Workers,HARVEST
sys_occupation_classifications,ISCO_08:5411,name,en,Fire Fighters,HARVEST
sys_occupation_classifications,ISCO_08:5412,name,en,Police Officers,HARVEST
sys_occupation_classifications,ISCO_08:5413,name,en,Prison Guards,HARVEST
sys_occupation_classifications,ISCO_08:5414,name,en,Security Guards,HARVEST
sys_occupation_classifications,ISCO_08:5419,name,en,Protective Services Workers Not Elsewhere Classified,HARVEST
sys_occupation_classifications,ISCO_08:6,name,en,"Skilled Agricultural, Forestry and Fishery Workers",HARVEST
sys_occupation_classifications,ISCO_08:61,name,en,Market-oriented Skilled Agricultural Workers,HARVEST
sys_occupation_classifications,ISCO_08:611,name,en,Market Gardeners and Crop Growers,HARVEST
sys_occupation_classifications,ISCO_08:6111,name,en,Field Crop and Vegetable Growers,HARVEST
sys_occupation_classifications,ISCO_08:6112,name,en,Tree and Shrub Crop Growers,HARVEST
sys_occupation_classifications,ISCO_08:6113,name,en,"Gardeners, Horticultural and Nursery Growers",HARVEST
sys_occupation_classifications,ISCO_08:6114,name,en,Mixed Crop Growers,HARVEST
sys_occupation_classifications,ISCO_08:612,name,en,Animal Producers,HARVEST
sys_occupation_classifications,ISCO_08:6121,name,en,Livestock and Dairy Producers,HARVEST
sys_occupation_classifications,ISCO_08:6122,name,en,Poultry Producers,HARVEST
sys_occupation_classifications,ISCO_08:6123,name,en,Apiarists and Sericulturists,HARVEST
sys_occupation_classifications,ISCO_08:6129,name,en,Animal Producers Not Elsewhere Classified,HARVEST
sys_occupation_classifications,ISCO_08:613,name,en,Mixed Crop and Animal Producers,HARVEST
sys_occupation_classifications,ISCO_08:6130,name,en,Mixed Crop and Animal Producers,HARVEST
sys_occupation_classifications,ISCO_08:62,name,en,"Market-Oriented Skilled Forestry, Fishery and Hunting Workers",HARVEST
sys_occupation_classifications,ISCO_08:621,name,en,Forestry and Related Workers,HARVEST
sys_occupation_classifications,ISCO_08:6210,name,en,Forestry and Related Workers,HARVEST
sys_occupation_classifications,ISCO_08:622,name,en,"Fishery Workers, Hunters and Trappers",HARVEST
sys_occupation_classifications,ISCO_08:6221,name,en,Aquaculture Workers,HARVEST
sys_occupation_classifications,ISCO_08:6222,name,en,Inland and Coastal Waters Fishery Workers,HARVEST
sys_occupation_classifications,ISCO_08:6223,name,en,Deep-sea Fishery Workers,HARVEST
sys_occupation_classifications,ISCO_08:6224,name,en,Hunters and Trappers,HARVEST
sys_occupation_classifications,ISCO_08:63,name,en,"Subsistence Farmers, Fishers, Hunters and Gatherers",HARVEST
sys_occupation_classifications,ISCO_08:631,name,en,Subsistence Crop Farmers,HARVEST
sys_occupation_classifications,ISCO_08:6310,name,en,Subsistence Crop Farmers,HARVEST
sys_occupation_classifications,ISCO_08:632,name,en,Subsistence Livestock Farmers,HARVEST
sys_occupation_classifications,ISCO_08:6320,name,en,Subsistence Livestock Farmers,HARVEST
sys_occupation_classifications,ISCO_08:633,name,en,Subsistence Mixed Crop and Livestock Farmers,HARVEST
sys_occupation_classifications,ISCO_08:6330,name,en,Subsistence Mixed Crop and Livestock Farmers,HARVEST
sys_occupation_classifications,ISCO_08:634,name,en,"Subsistence Fishers, Hunters, Trappers and Gatherers",HARVEST
sys_occupation_classifications,ISCO_08:6340,name,en,"Subsistence Fishers, Hunters, Trappers and Gatherers",HARVEST
sys_occupation_classifications,ISCO_08:7,name,en,Craft and Related Trades Workers,HARVEST
sys_occupation_classifications,ISCO_08:71,name,en,Building and Related Trades Workers (excluding Electricians),HARVEST
sys_occupation_classifications,ISCO_08:711,name,en,Building Frame and Related Trades Workers,HARVEST
sys_occupation_classifications,ISCO_08:7111,name,en,House Builders,HARVEST
sys_occupation_classifications,ISCO_08:7112,name,en,Bricklayers and Related Workers,HARVEST
sys_occupation_classifications,ISCO_08:7113,name,en,"Stonemasons, Stone Cutters, Splitters and Carvers",HARVEST
sys_occupation_classifications,ISCO_08:7114,name,en,"Concrete Placers, Concrete Finishers and Related Workers",HARVEST
sys_occupation_classifications,ISCO_08:7115,name,en,Carpenters and Joiners,HARVEST
sys_occupation_classifications,ISCO_08:7119,name,en,Building Frame and Related Trades Workers Not Elsewhere Classified,HARVEST
sys_occupation_classifications,ISCO_08:712,name,en,Building Finishers and Related Trades Workers,HARVEST
sys_occupation_classifications,ISCO_08:7121,name,en,Roofers,HARVEST
sys_occupation_classifications,ISCO_08:7122,name,en,Floor Layers and Tile Setters,HARVEST
sys_occupation_classifications,ISCO_08:7123,name,en,Plasterers,HARVEST
sys_occupation_classifications,ISCO_08:7124,name,en,Insulation Workers,HARVEST
sys_occupation_classifications,ISCO_08:7125,name,en,Glaziers,HARVEST
sys_occupation_classifications,ISCO_08:7126,name,en,Plumbers and Pipe Fitters,HARVEST
sys_occupation_classifications,ISCO_08:7127,name,en,Air Conditioning and Refrigeration Mechanics,HARVEST
sys_occupation_classifications,ISCO_08:713,name,en,"Painters, Building Structure Cleaners and Related Trades Workers",HARVEST
sys_occupation_classifications,ISCO_08:7131,name,en,Painters and Related Workers,HARVEST
sys_occupation_classifications,ISCO_08:7132,name,en,Spray Painters and Varnishers,HARVEST
sys_occupation_classifications,ISCO_08:7133,name,en,Building Structure Cleaners,HARVEST
sys_occupation_classifications,ISCO_08:72,name,en,"Metal, Machinery and Related Trades Workers",HARVEST
sys_occupation_classifications,ISCO_08:721,name,en,"Sheet and Structural Metal Workers, Moulders and Welders, and Related Workers",HARVEST
sys_occupation_classifications,ISCO_08:7211,name,en,Metal Moulders and Coremakers,HARVEST
sys_occupation_classifications,ISCO_08:7212,name,en,Welders and Flame Cutters,HARVEST
sys_occupation_classifications,ISCO_08:7213,name,en,Sheet Metal Workers,HARVEST
sys_occupation_classifications,ISCO_08:7214,name,en,Structural Metal Preparers and Erectors,HARVEST
sys_occupation_classifications,ISCO_08:7215,name,en,Riggers and Cable Splicers,HARVEST
sys_occupation_classifications,ISCO_08:722,name,en,"Blacksmiths, Toolmakers and Related Trades Workers",HARVEST
sys_occupation_classifications,ISCO_08:7221,name,en,"Blacksmiths, Hammersmiths and Forging Press Workers",HARVEST
sys_occupation_classifications,ISCO_08:7222,name,en,Toolmakers and Related Workers,HARVEST
sys_occupation_classifications,ISCO_08:7223,name,en,Metal Working Machine Tool Setters and  Operators,HARVEST
sys_occupation_classifications,ISCO_08:7224,name,en,"Metal Polishers, Wheel Grinders and Tool Sharpeners",HARVEST
sys_occupation_classifications,ISCO_08:723,name,en,Machinery Mechanics and Repairers,HARVEST
sys_occupation_classifications,ISCO_08:7231,name,en,Motor Vehicle Mechanics and Repairers,HARVEST
sys_occupation_classifications,ISCO_08:7232,name,en,Aircraft Engine Mechanics and Repairers,HARVEST
sys_occupation_classifications,ISCO_08:7233,name,en,Agricultural and Industrial Machinery Mechanics and Repairers,HARVEST
sys_occupation_classifications,ISCO_08:7234,name,en,Bicycle and Related Repairers,HARVEST
sys_occupation_classifications,ISCO_08:73,name,en,Handicraft and Printing Workers,HARVEST
sys_occupation_classifications,ISCO_08:731,name,en,Handicraft Workers,HARVEST
sys_occupation_classifications,ISCO_08:7311,name,en,Precision-instrument Makers and Repairers,HARVEST
sys_occupation_classifications,ISCO_08:7312,name,en,Musical Instrument Makers and Tuners,HARVEST
sys_occupation_classifications,ISCO_08:7313,name,en,Jewellery and Precious Metal Workers,HARVEST
sys_occupation_classifications,ISCO_08:7314,name,en,Potters and Related Workers,HARVEST
sys_occupation_classifications,ISCO_08:7315,name,en,"Glass Makers, Cutters, Grinders and Finishers",HARVEST
sys_occupation_classifications,ISCO_08:7316,name,en,"Sign Writers, Decorative Painters, Engravers and Etchers",HARVEST
sys_occupation_classifications,ISCO_08:7317,name,en,"Handicraft Workers in Wood, Basketry and Related Materials",HARVEST
sys_occupation_classifications,ISCO_08:7318,name,en,"Handicraft Workers in Textile, Leather and Related Materials",HARVEST
sys_occupation_classifications,ISCO_08:7319,name,en,Handicraft Workers Not Elsewhere Classified,HARVEST
sys_occupation_classifications,ISCO_08:732,name,en,Printing Trades Workers,HARVEST
sys_occupation_classifications,ISCO_08:7321,name,en,Pre-press Technicians,HARVEST
sys_occupation_classifications,ISCO_08:7322,name,en,Printers,HARVEST
sys_occupation_classifications,ISCO_08:7323,name,en,Print Finishing and Binding Workers,HARVEST
sys_occupation_classifications,ISCO_08:74,name,en,Electrical and Electronics Trades Workers,HARVEST
sys_occupation_classifications,ISCO_08:741,name,en,Electrical Equipment Installers and Repairers,HARVEST
sys_occupation_classifications,ISCO_08:7411,name,en,Building and Related Electricians,HARVEST
sys_occupation_classifications,ISCO_08:7412,name,en,Electrical Mechanics and Fitters,HARVEST
sys_occupation_classifications,ISCO_08:7413,name,en,Electrical Line Installers and Repairers,HARVEST
sys_occupation_classifications,ISCO_08:742,name,en,Electronics and Telecommunications Installers and Repairers,HARVEST
sys_occupation_classifications,ISCO_08:7421,name,en,Electronics Mechanics and Servicers,HARVEST
sys_occupation_classifications,ISCO_08:7422,name,en,Information and Communications Technology Installers and Servicers,HARVEST
sys_occupation_classifications,ISCO_08:75,name,en,"Food Processing, Woodworking, Garment and Other Craft and Related Trades Workers",HARVEST
sys_occupation_classifications,ISCO_08:751,name,en,Food Processing and Related Trades Workers,HARVEST
sys_occupation_classifications,ISCO_08:7511,name,en,"Butchers, Fishmongers and Related Food Preparers",HARVEST
sys_occupation_classifications,ISCO_08:7512,name,en,"Bakers, Pastry-cooks and Confectionery Makers",HARVEST
sys_occupation_classifications,ISCO_08:7513,name,en,Dairy Products Makers,HARVEST
sys_occupation_classifications,ISCO_08:7514,name,en,"Fruit, Vegetable and Related Preservers",HARVEST
sys_occupation_classifications,ISCO_08:7515,name,en,Food and Beverage Tasters and Graders,HARVEST
sys_occupation_classifications,ISCO_08:7516,name,en,Tobacco Preparers and Tobacco Products Makers,HARVEST
sys_occupation_classifications,ISCO_08:752,name,en,"Wood Treaters, Cabinet-makers and Related Trades Workers",HARVEST
sys_occupation_classifications,ISCO_08:7521,name,en,Wood Treaters,HARVEST
sys_occupation_classifications,ISCO_08:7522,name,en,Cabinet-makers and Related Workers,HARVEST
sys_occupation_classifications,ISCO_08:7523,name,en,Woodworking Machine Tool Setters and Operators,HARVEST
sys_occupation_classifications,ISCO_08:753,name,en,Garment and Related Trades Workers,HARVEST
sys_occupation_classifications,ISCO_08:7531,name,en,"Tailors, Dressmakers, Furriers and Hatters",HARVEST
sys_occupation_classifications,ISCO_08:7532,name,en,Garment and Related Patternmakers and Cutters,HARVEST
sys_occupation_classifications,ISCO_08:7533,name,en,"Sewing, Embroidery and Related Workers",HARVEST
sys_occupation_classifications,ISCO_08:7534,name,en,Upholsterers and Related Workers,HARVEST
sys_occupation_classifications,ISCO_08:7535,name,en,"Pelt Dressers, Tanners and Fellmongers",HARVEST
sys_occupation_classifications,ISCO_08:7536,name,en,Shoemakers and Related Workers,HARVEST
sys_occupation_classifications,ISCO_08:754,name,en,Other Craft and Related Workers,HARVEST
sys_occupation_classifications,ISCO_08:7541,name,en,Underwater Divers,HARVEST
sys_occupation_classifications,ISCO_08:7542,name,en,Shotfirers and Blasters,HARVEST
sys_occupation_classifications,ISCO_08:7543,name,en,Product Graders and Testers (except Foods and Beverages),HARVEST
sys_occupation_classifications,ISCO_08:7544,name,en,Fumigators and Other Pest and Weed Controllers,HARVEST
sys_occupation_classifications,ISCO_08:7549,name,en,Craft and Related Workers not Elsewhere Classified,HARVEST
sys_occupation_classifications,ISCO_08:8,name,en,"Plant and Machine Operators, and Assemblers",HARVEST
sys_occupation_classifications,ISCO_08:81,name,en,Stationary Plant and Machine Operators,HARVEST
sys_occupation_classifications,ISCO_08:811,name,en,Mining and Mineral Processing Plant Operators,HARVEST
sys_occupation_classifications,ISCO_08:8111,name,en,Miners and Quarriers,HARVEST
sys_occupation_classifications,ISCO_08:8112,name,en,Mineral and Stone Processing Plant Operators,HARVEST
sys_occupation_classifications,ISCO_08:8113,name,en,Well Drillers and Borers and Related Workers,HARVEST
sys_occupation_classifications,ISCO_08:8114,name,en,"Cement, Stone and Other Mineral Products Machine Operators",HARVEST
sys_occupation_classifications,ISCO_08:812,name,en,Metal Processing and Finishing Plant Operators,HARVEST
sys_occupation_classifications,ISCO_08:8121,name,en,Metal Processing Plant Operators,HARVEST
sys_occupation_classifications,ISCO_08:8122,name,en,"Metal Finishing, Plating and Coating Machine Operators",HARVEST
sys_occupation_classifications,ISCO_08:813,name,en,Chemical and Photographic Products Plant and Machine Operators,HARVEST
sys_occupation_classifications,ISCO_08:8131,name,en,Chemical Products Plant and Machine Operators,HARVEST
sys_occupation_classifications,ISCO_08:8132,name,en,Photographic Products Machine Operators,HARVEST
sys_occupation_classifications,ISCO_08:814,name,en,"Rubber, Plastic and Paper Products Machine Operators",HARVEST
sys_occupation_classifications,ISCO_08:8141,name,en,Rubber Products Machine Operators,HARVEST
sys_occupation_classifications,ISCO_08:8142,name,en,Plastic Products Machine Operators,HARVEST
sys_occupation_classifications,ISCO_08:8143,name,en,Paper Products Machine Operators,HARVEST
sys_occupation_classifications,ISCO_08:815,name,en,"Textile, Fur and Leather Products Machine Operators",HARVEST
sys_occupation_classifications,ISCO_08:8151,name,en,"Fibre Preparing, Spinning and Winding Machine Operators",HARVEST
sys_occupation_classifications,ISCO_08:8152,name,en,Weaving and Knitting Machine Operators,HARVEST
sys_occupation_classifications,ISCO_08:8153,name,en,Sewing Machine Operators,HARVEST
sys_occupation_classifications,ISCO_08:8154,name,en,"Bleaching, Dyeing and Fabric Cleaning Machine Operators",HARVEST
sys_occupation_classifications,ISCO_08:8155,name,en,Fur and Leather Preparing Machine Operators,HARVEST
sys_occupation_classifications,ISCO_08:8156,name,en,Shoemaking and Related Machine Operators,HARVEST
sys_occupation_classifications,ISCO_08:8157,name,en,Laundry Machine Operators,HARVEST
sys_occupation_classifications,ISCO_08:8159,name,en,"Textile, Fur and Leather Products Machine Operators Not Elsewhere Classified",HARVEST
sys_occupation_classifications,ISCO_08:816,name,en,Food and Related Products Machine Operators,HARVEST
sys_occupation_classifications,ISCO_08:8160,name,en,Food and Related Products Machine Operators,HARVEST
sys_occupation_classifications,ISCO_08:817,name,en,Wood Processing and Papermaking Plant Operators,HARVEST
sys_occupation_classifications,ISCO_08:8171,name,en,Pulp and Papermaking Plant Operators,HARVEST
sys_occupation_classifications,ISCO_08:8172,name,en,Wood Processing Plant Operators,HARVEST
sys_occupation_classifications,ISCO_08:818,name,en,Other Stationary Plant and Machine Operators,HARVEST
sys_occupation_classifications,ISCO_08:8181,name,en,Glass and Ceramics Plant Operators,HARVEST
sys_occupation_classifications,ISCO_08:8182,name,en,Steam Engine and Boiler Operators,HARVEST
sys_occupation_classifications,ISCO_08:8183,name,en,"Packing, Bottling and Labelling Machine Operators",HARVEST
sys_occupation_classifications,ISCO_08:8189,name,en,Stationary Plant and Machine Operators Not Elsewhere Classified,HARVEST
sys_occupation_classifications,ISCO_08:82,name,en,Assemblers,HARVEST
sys_occupation_classifications,ISCO_08:821,name,en,Assemblers,HARVEST
sys_occupation_classifications,ISCO_08:8211,name,en,Mechanical Machinery Assemblers,HARVEST
sys_occupation_classifications,ISCO_08:8212,name,en,Electrical and Electronic Equipment Assemblers,HARVEST
sys_occupation_classifications,ISCO_08:8219,name,en,Assemblers Not Elsewhere Classified,HARVEST
sys_occupation_classifications,ISCO_08:83,name,en,Drivers and Mobile Plant Operators,HARVEST
sys_occupation_classifications,ISCO_08:831,name,en,Locomotive Engine Drivers and Related Workers,HARVEST
sys_occupation_classifications,ISCO_08:8311,name,en,Locomotive Engine Drivers,HARVEST
sys_occupation_classifications,ISCO_08:8312,name,en,"Railway Brake, Signal and Switch Operators",HARVEST
sys_occupation_classifications,ISCO_08:832,name,en,"Car, Van and Motorcycle Drivers",HARVEST
sys_occupation_classifications,ISCO_08:8321,name,en,Motorcycle Drivers,HARVEST
sys_occupation_classifications,ISCO_08:8322,name,en,"Car, Taxi and Van Drivers",HARVEST
sys_occupation_classifications,ISCO_08:833,name,en,Heavy Truck and Bus Drivers,HARVEST
sys_occupation_classifications,ISCO_08:8331,name,en,Bus and Tram Drivers,HARVEST
sys_occupation_classifications,ISCO_08:8332,name,en,Heavy Truck and Lorry Drivers,HARVEST
sys_occupation_classifications,ISCO_08:834,name,en,Mobile Plant Operators,HARVEST
sys_occupation_classifications,ISCO_08:8341,name,en,Mobile Farm and Forestry Plant Operators,HARVEST
sys_occupation_classifications,ISCO_08:8342,name,en,Earthmoving and Related Plant Operators,HARVEST
sys_occupation_classifications,ISCO_08:8343,name,en,"Crane, hoist and related plant operators",HARVEST
sys_occupation_classifications,ISCO_08:8344,name,en,Lifting Truck Operators,HARVEST
sys_occupation_classifications,ISCO_08:835,name,en,Ships' Deck Crews and Related Workers,HARVEST
sys_occupation_classifications,ISCO_08:8350,name,en,Ships' Deck Crews and Related Workers,HARVEST
sys_occupation_classifications,ISCO_08:9,name,en,Elementary Occupations,HARVEST
sys_occupation_classifications,ISCO_08:91,name,en,Cleaners and Helpers,HARVEST
sys_occupation_classifications,ISCO_08:911,name,en,"Domestic, Hotel and Office Cleaners and Helpers",HARVEST
sys_occupation_classifications,ISCO_08:9111,name,en,Domestic Cleaners and Helpers,HARVEST
sys_occupation_classifications,ISCO_08:9112,name,en,"Cleaners and Helpers in Offices, Hotels and Other Establishments",HARVEST
sys_occupation_classifications,ISCO_08:912,name,en,"Vehicle, Window, Laundry and Other Hand Cleaning Workers",HARVEST
sys_occupation_classifications,ISCO_08:9121,name,en,Hand Launderers and Pressers,HARVEST
sys_occupation_classifications,ISCO_08:9122,name,en,Vehicle Cleaners,HARVEST
sys_occupation_classifications,ISCO_08:9123,name,en,Window Cleaners,HARVEST
sys_occupation_classifications,ISCO_08:9129,name,en,Other Cleaning Workers,HARVEST
sys_occupation_classifications,ISCO_08:92,name,en,"Agricultural, Forestry and Fishery Labourers",HARVEST
sys_occupation_classifications,ISCO_08:921,name,en,"Agricultural, Forestry and Fishery Labourers",HARVEST
sys_occupation_classifications,ISCO_08:9211,name,en,Crop Farm Labourers,HARVEST
sys_occupation_classifications,ISCO_08:9212,name,en,Livestock Farm Labourers,HARVEST
sys_occupation_classifications,ISCO_08:9213,name,en,Mixed Crop and Livestock Farm Labourers,HARVEST
sys_occupation_classifications,ISCO_08:9214,name,en,Garden and Horticultural Labourers,HARVEST
sys_occupation_classifications,ISCO_08:9215,name,en,Forestry Labourers,HARVEST
sys_occupation_classifications,ISCO_08:9216,name,en,Fishery and Aquaculture Labourers,HARVEST
sys_occupation_classifications,ISCO_08:93,name,en,"Labourers in Mining, Construction, Manufacturing and Transport",HARVEST
sys_occupation_classifications,ISCO_08:931,name,en,Mining and Construction Labourers,HARVEST
sys_occupation_classifications,ISCO_08:9311,name,en,Mining and Quarrying Labourers,HARVEST
sys_occupation_classifications,ISCO_08:9312,name,en,Civil Engineering Labourers,HARVEST
sys_occupation_classifications,ISCO_08:9313,name,en,Building Construction Labourers,HARVEST
sys_occupation_classifications,ISCO_08:932,name,en,Manufacturing Labourers,HARVEST
sys_occupation_classifications,ISCO_08:9321,name,en,Hand Packers,HARVEST
sys_occupation_classifications,ISCO_08:9329,name,en,Manufacturing Labourers Not Elsewhere Classified,HARVEST
sys_occupation_classifications,ISCO_08:933,name,en,Transport and Storage Labourers,HARVEST
sys_occupation_classifications,ISCO_08:9331,name,en,Hand and Pedal Vehicle Drivers,HARVEST
sys_occupation_classifications,ISCO_08:9332,name,en,Drivers of Animal-drawn Vehicles and Machinery,HARVEST
sys_occupation_classifications,ISCO_08:9333,name,en,Freight Handlers,HARVEST
sys_occupation_classifications,ISCO_08:9334,name,en,Shelf Fillers,HARVEST
sys_occupation_classifications,ISCO_08:94,name,en,Food Preparation Assistants,HARVEST
sys_occupation_classifications,ISCO_08:941,name,en,Food Preparation Assistants,HARVEST
sys_occupation_classifications,ISCO_08:9411,name,en,Fast Food Preparers,HARVEST
sys_occupation_classifications,ISCO_08:9412,name,en,Kitchen Helpers,HARVEST
sys_occupation_classifications,ISCO_08:95,name,en,Street and Related Sales and Service Workers,HARVEST
sys_occupation_classifications,ISCO_08:951,name,en,Street and Related Service Workers,HARVEST
sys_occupation_classifications,ISCO_08:9510,name,en,Street and Related Service Workers,HARVEST
sys_occupation_classifications,ISCO_08:952,name,en,Street Vendors (excluding Food),HARVEST
sys_occupation_classifications,ISCO_08:9520,name,en,Street Vendors (excluding Food),HARVEST
sys_occupation_classifications,ISCO_08:96,name,en,Refuse Workers and Other Elementary Workers,HARVEST
sys_occupation_classifications,ISCO_08:961,name,en,Refuse Workers,HARVEST
sys_occupation_classifications,ISCO_08:9611,name,en,Garbage and Recycling Collectors,HARVEST
sys_occupation_classifications,ISCO_08:9612,name,en,Refuse Sorters,HARVEST
sys_occupation_classifications,ISCO_08:9613,name,en,Sweepers and Related Labourers,HARVEST
sys_occupation_classifications,ISCO_08:962,name,en,Other Elementary Workers,HARVEST
sys_occupation_classifications,ISCO_08:9621,name,en,"Messengers, Package Deliverers and Luggage Porters",HARVEST
sys_occupation_classifications,ISCO_08:9622,name,en,Odd Job Persons,HARVEST
sys_occupation_classifications,ISCO_08:9623,name,en,Meter Readers and Vending-machine Collectors,HARVEST
sys_occupation_classifications,ISCO_08:9624,name,en,Water and Firewood Collectors,HARVEST
sys_occupation_classifications,ISCO_08:9629,name,en,Elementary Workers Not Elsewhere Classified,HARVEST
sys_occupation_classifications,ISCO_08:0,name,en,Armed Forces Occupations,HARVEST
sys_occupation_classifications,ISCO_08:01,name,en,Commissioned Armed forces Officers,HARVEST
sys_occupation_classifications,ISCO_08:011,name,en,Commissioned Armed Forces Officers,HARVEST
sys_occupation_classifications,ISCO_08:0110,name,en,Commissioned Armed Forces Officers,HARVEST
sys_occupation_classifications,ISCO_08:02,name,en,Non-commissioned Armed Forces Officers,HARVEST
sys_occupation_classifications,ISCO_08:021,name,en,Non-commissioned Armed Forces Officers,HARVEST
sys_occupation_classifications,ISCO_08:0210,name,en,Non-commissioned Armed Forces Officers,HARVEST
sys_occupation_classifications,ISCO_08:03,name,en,"Armed Forces Occupations, Other Ranks",HARVEST
sys_occupation_classifications,ISCO_08:031,name,en,"Armed Forces Occupations, Other Ranks",HARVEST
sys_occupation_classifications,ISCO_08:0310,name,en,"Armed Forces Occupations, Other Ranks",HARVEST
sys_occupation_classifications,CP_2021:1,name,en,"Legislators, Entrepreneurs and Senior Executives",LLM
sys_occupation_classifications,CP_2021:2,name,en,"Intellectual, Scientific and Highly Specialized Professions",LLM
sys_occupation_classifications,CP_2021:3,name,en,Technical Professions,LLM
sys_occupation_classifications,CP_2021:4,name,en,Clerical Support Occupations,LLM
sys_occupation_classifications,CP_2021:5,name,en,Skilled Occupations in Commercial Activities and Services,LLM
sys_occupation_classifications,CP_2021:6,name,en,"Craftworkers, Skilled Manual Workers and Farmers",LLM
sys_occupation_classifications,CP_2021:7,name,en,"Plant and Machine Operators, and Vehicle Drivers",LLM
sys_occupation_classifications,CP_2021:8,name,en,Elementary Occupations,LLM
sys_occupation_classifications,CP_2021:9,name,en,Armed Forces Occupations,LLM
sys_occupation_classifications,CP_2021:1.1,name,en,"Members of Legislative Bodies and Government, Senior Officials in Public Administration, the Judiciary, Health, Education and Research Services, and National and International Organizations",LLM
sys_occupation_classifications,CP_2021:1.2,name,en,"Entrepreneurs, Administrators and Directors of Large Enterprises",LLM
sys_occupation_classifications,CP_2021:1.3,name,en,Entrepreneurs and Managers of Small Enterprises,LLM
sys_occupation_classifications,CP_2021:2.1,name,en,"Specialists in Mathematical, Chemical, Physical and Natural Sciences",LLM
sys_occupation_classifications,CP_2021:2.2,name,en,"Engineers, Architects and Related Professions",LLM
sys_occupation_classifications,CP_2021:2.3,name,en,Life Science Specialists,LLM
sys_occupation_classifications,CP_2021:2.4,name,en,Health Professionals,LLM
sys_occupation_classifications,CP_2021:2.5,name,en,"Specialists in Humanities, Social Sciences, Arts and Management",LLM
sys_occupation_classifications,CP_2021:2.6,name,en,Education and Research Specialists,LLM
sys_occupation_classifications,CP_2021:2.7,name,en,Information and Communication Technology (ICT) Specialists,LLM
sys_occupation_classifications,CP_2021:3.1,name,en,"Technical Professions in Science, Engineering and Production",LLM
sys_occupation_classifications,CP_2021:3.2,name,en,Technical Professions in Health and Life Sciences,LLM
sys_occupation_classifications,CP_2021:3.3,name,en,"Technical Professions in Organization, Administration and Financial and Commercial Activities",LLM
sys_occupation_classifications,CP_2021:3.4,name,en,Technical Professions in Public and Personal Services,LLM
sys_occupation_classifications,CP_2021:4.1,name,en,Secretarial and Office Machine Operators,LLM
sys_occupation_classifications,CP_2021:4.2,name,en,Cash Handling and Customer Service Clerks,LLM
sys_occupation_classifications,CP_2021:4.3,name,en,"Administrative, Accounting and Financial Management Clerks",LLM
sys_occupation_classifications,CP_2021:4.4,name,en,"Document Collection, Control, Filing and Delivery Clerks",LLM
sys_occupation_classifications,CP_2021:5.1,name,en,Skilled Occupations in Commercial Activities,LLM
sys_occupation_classifications,CP_2021:5.2,name,en,Skilled Occupations in Hospitality and Catering,LLM
sys_occupation_classifications,CP_2021:5.3,name,en,Skilled Occupations in Health and Social Services,LLM
sys_occupation_classifications,CP_2021:5.4,name,en,Skilled Occupations in Cultural Services,LLM
sys_occupation_classifications,CP_2021:5.5,name,en,Skilled Occupations in Personal Services,LLM
sys_occupation_classifications,CP_2021:5.6,name,en,Skilled Occupations in Security Services,LLM
sys_occupation_classifications,CP_2021:6.1,name,en,"Craftworkers and Skilled Manual Workers in Mining, Construction and Building Maintenance",LLM
sys_occupation_classifications,CP_2021:6.2,name,en,"Skilled Metal and Machinery Craftworkers, and Electrical and Electronic Equipment Installers and Repairers",LLM
sys_occupation_classifications,CP_2021:6.3,name,en,"Skilled Craftworkers in Precision Mechanics, Artistic Crafts, Printing and Related Trades",LLM
sys_occupation_classifications,CP_2021:6.4,name,en,"Farmers and Skilled Workers in Agriculture, Forestry, Animal Husbandry, Fishing and Hunting",LLM
sys_occupation_classifications,CP_2021:6.5,name,en,"Craftworkers and Skilled Workers in Food Processing, Woodworking, Textiles, Clothing, Leather and the Entertainment Industry",LLM
sys_occupation_classifications,CP_2021:7.1,name,en,Industrial Plant Operators,LLM
sys_occupation_classifications,CP_2021:7.2,name,en,Semi-skilled Fixed Machinery Operators for Series Production and Assembly Workers,LLM
sys_occupation_classifications,CP_2021:7.3,name,en,Fixed Machinery Operators in Agriculture and the Food Industry,LLM
sys_occupation_classifications,CP_2021:7.4,name,en,"Drivers of Vehicles, Mobile and Lifting Machinery",LLM
sys_occupation_classifications,CP_2021:8.1,name,en,Elementary Occupations in Trade and Services,LLM
sys_occupation_classifications,CP_2021:8.2,name,en,"Elementary Occupations in Domestic, Recreational and Cultural Activities",LLM
sys_occupation_classifications,CP_2021:8.3,name,en,"Elementary Occupations in Agriculture, Landscaping, Animal Husbandry, Forestry and Fishing",LLM
sys_occupation_classifications,CP_2021:8.4,name,en,"Elementary Occupations in Manufacturing, Mining and Construction",LLM
sys_occupation_classifications,CP_2021:9.1,name,en,Armed Forces Officers,LLM
sys_occupation_classifications,CP_2021:9.2,name,en,Non-Commissioned Officers of the Armed Forces,LLM
sys_occupation_classifications,CP_2021:9.3,name,en,Armed Forces Other Ranks,LLM
sys_occupation_classifications,CP_2021:1.1.1,name,en,Members of Government Bodies and Assemblies with Legislative and Regulatory Powers,LLM
sys_occupation_classifications,CP_2021:1.1.2,name,en,"Directors, Senior Officials and Equivalent in Public Administration and in Health, Education and Research Services",LLM
sys_occupation_classifications,CP_2021:1.1.3,name,en,Senior Judiciary Officials,LLM
sys_occupation_classifications,CP_2021:1.1.4,name,en,Senior Officials of National and International Organizations,LLM
sys_occupation_classifications,CP_2021:1.2.1,name,en,Entrepreneurs and Administrators of Large Enterprises,LLM
sys_occupation_classifications,CP_2021:1.2.2,name,en,Company General Directors and Senior Managers,LLM
sys_occupation_classifications,CP_2021:1.2.3,name,en,Company Departmental Directors and Managers,LLM
sys_occupation_classifications,CP_2021:1.3.1,name,en,Entrepreneurs and Managers of Small Enterprises,LLM
sys_occupation_classifications,CP_2021:2.1.1,name,en,"Specialists in Mathematical, Chemical, Physical and Natural Sciences",LLM
sys_occupation_classifications,CP_2021:2.2.1,name,en,Engineers and Related Professions,LLM
sys_occupation_classifications,CP_2021:2.2.2,name,en,"Architects, Planners, Landscape Architects and Specialists in Land Recovery and Conservation",LLM
sys_occupation_classifications,CP_2021:2.3.1,name,en,Life Science Specialists,LLM
sys_occupation_classifications,CP_2021:2.4.1,name,en,Physicians,LLM
sys_occupation_classifications,CP_2021:2.5.1,name,en,"Specialists in Management, Commercial and Banking Sciences",LLM
sys_occupation_classifications,CP_2021:2.5.2,name,en,Legal Specialists,LLM
sys_occupation_classifications,CP_2021:2.5.3,name,en,Social Science Specialists,LLM
sys_occupation_classifications,CP_2021:2.5.4,name,en,"Specialists in Linguistic, Literary and Information Science Disciplines",LLM
sys_occupation_classifications,CP_2021:2.5.5,name,en,Specialists in Artistic and Performing Disciplines,LLM
sys_occupation_classifications,CP_2021:2.5.6,name,en,Specialists in Religious and Theological Disciplines,LLM
sys_occupation_classifications,CP_2021:2.6.1,name,en,University Professors (Full and Associate),LLM
sys_occupation_classifications,CP_2021:2.6.2,name,en,University Researchers and Graduate Technicians,LLM
sys_occupation_classifications,CP_2021:2.6.3,name,en,Secondary and Post-secondary School Teachers and Related Professions,LLM
sys_occupation_classifications,CP_2021:2.6.4,name,en,Primary and Pre-primary School Teachers and Related Professions,LLM
sys_occupation_classifications,CP_2021:2.6.5,name,en,Other Education and Training Specialists,LLM
sys_occupation_classifications,CP_2021:2.7.1,name,en,Software and Applications Developers and Analysts,LLM
sys_occupation_classifications,CP_2021:2.7.2,name,en,Database and Network Specialists,LLM
sys_occupation_classifications,CP_2021:3.1.1,name,en,"Quantitative, Physical and Chemical Science Technicians",LLM
sys_occupation_classifications,CP_2021:3.1.2,name,en,"Information Technology, Telematics and Telecommunications Technicians",LLM
sys_occupation_classifications,CP_2021:3.1.3,name,en,Engineering Technicians,LLM
sys_occupation_classifications,CP_2021:3.1.4,name,en,Technicians in Continuous Process Plant Operation and Water and Energy Network Management,LLM
sys_occupation_classifications,CP_2021:3.1.5,name,en,Technicians in Production Process Management for Goods and Services,LLM
sys_occupation_classifications,CP_2021:3.1.6,name,en,"Air, Maritime and Rail Transport Technicians",LLM
sys_occupation_classifications,CP_2021:3.1.7,name,en,Optical and Audio-Video Equipment Technicians,LLM
sys_occupation_classifications,CP_2021:3.1.8,name,en,Safety and Environmental Protection Technicians,LLM
sys_occupation_classifications,CP_2021:3.2.1,name,en,Health Technicians,LLM
sys_occupation_classifications,CP_2021:3.2.2,name,en,Life Science Technicians,LLM
sys_occupation_classifications,CP_2021:3.3.1,name,en,Technicians in Production Organization and Administration,LLM
sys_occupation_classifications,CP_2021:3.3.2,name,en,Financial and Insurance Technicians,LLM
sys_occupation_classifications,CP_2021:3.3.3,name,en,Market Relations Technicians,LLM
sys_occupation_classifications,CP_2021:3.3.4,name,en,Commercial Distribution Technicians and Related Professions,LLM
sys_occupation_classifications,CP_2021:3.4.1,name,en,"Technical Professions in Tourism, Hospitality and Related Activities",LLM
sys_occupation_classifications,CP_2021:3.4.2,name,en,"Vocational Training Teachers, Instructors, Coaches, Athletes and Related Professions",LLM
sys_occupation_classifications,CP_2021:3.4.3,name,en,Recreational Services Technicians,LLM
sys_occupation_classifications,CP_2021:3.4.4,name,en,Cultural Services Technicians,LLM
sys_occupation_classifications,CP_2021:3.4.5,name,en,Social Services Technicians,LLM
sys_occupation_classifications,CP_2021:3.4.6,name,en,Public and Security Services Technicians,LLM
sys_occupation_classifications,CP_2021:4.1.1,name,en,Secretarial and General Affairs Clerks,LLM
sys_occupation_classifications,CP_2021:4.1.2,name,en,Office Machine Operators,LLM
sys_occupation_classifications,CP_2021:4.2.1,name,en,Counter Clerks and Cash Handlers,LLM
sys_occupation_classifications,CP_2021:4.2.2,name,en,Customer Reception and Information Clerks,LLM
sys_occupation_classifications,CP_2021:4.3.1,name,en,Logistics Administration Clerks,LLM
sys_occupation_classifications,CP_2021:4.3.2,name,en,"Economic, Accounting and Financial Management Clerks",LLM
sys_occupation_classifications,CP_2021:4.4.1,name,en,"Document Control, Mail Sorting and Delivery Clerks",LLM
sys_occupation_classifications,CP_2021:4.4.2,name,en,Filing and Records Preservation Clerks,LLM
sys_occupation_classifications,CP_2021:5.1.1,name,en,Shopkeepers,LLM
sys_occupation_classifications,CP_2021:5.1.2,name,en,Sales Assistants,LLM
sys_occupation_classifications,CP_2021:5.1.3,name,en,Other Skilled Occupations in Commercial Activities,LLM
sys_occupation_classifications,CP_2021:5.2.1,name,en,Hospitality Establishment Operators,LLM
sys_occupation_classifications,CP_2021:5.2.2,name,en,Catering Establishment Operators and Staff,LLM
sys_occupation_classifications,CP_2021:5.2.3,name,en,Travel Attendants and Related Professions,LLM
sys_occupation_classifications,CP_2021:5.3.1,name,en,Skilled Occupations in Health and Social Services,LLM
sys_occupation_classifications,CP_2021:5.4.1,name,en,"Skilled Occupations in Recreational, Cultural and Related Services",LLM
sys_occupation_classifications,CP_2021:5.5.1,name,en,Beauty Care Operators,LLM
sys_occupation_classifications,CP_2021:5.5.2,name,en,Skilled Occupations in Personal and Related Services,LLM
sys_occupation_classifications,CP_2021:5.5.3,name,en,Animal Trainers and Keepers,LLM
sys_occupation_classifications,CP_2021:5.5.4,name,en,Operators and Staff of Administrative Formalities Agencies and Related Professions,LLM
sys_occupation_classifications,CP_2021:5.5.5,name,en,Funeral Service Operators and Staff,LLM
sys_occupation_classifications,CP_2021:5.6.1,name,en,"Skilled Occupations in Security, Surveillance and Custodial Services",LLM
sys_occupation_classifications,CP_2021:6.1.1,name,en,"Stone Polishers, Stone Cutters, Salt Pan Workers and Related Professions",LLM
sys_occupation_classifications,CP_2021:6.1.2,name,en,Skilled Craftworkers in Building Construction and Structural Maintenance,LLM
sys_occupation_classifications,CP_2021:6.1.3,name,en,Skilled Craftworkers in Building Finishing,LLM
sys_occupation_classifications,CP_2021:6.1.4,name,en,Skilled Craftworkers in Painting and Exterior Building Cleaning and Related Trades,LLM
sys_occupation_classifications,CP_2021:6.1.5,name,en,Skilled Craftworkers in Building Cleaning and Sanitation,LLM
sys_occupation_classifications,CP_2021:6.2.1,name,en,"Foundry Workers, Welders, Sheet Metal Workers, Boilermakers, Metal Structure Fitters and Related Professions",LLM
sys_occupation_classifications,CP_2021:6.2.2,name,en,"Blacksmiths, Toolmakers and Related Workers",LLM
sys_occupation_classifications,CP_2021:6.2.3,name,en,"Craft Mechanics, Fitters, Repairers and Maintenance Workers of Fixed and Mobile Machinery (Excluding Industrial Assembly Line Workers)",LLM
sys_occupation_classifications,CP_2021:6.2.4,name,en,Skilled Craftworkers in Installation and Maintenance of Electrical and Electronic Equipment,LLM
sys_occupation_classifications,CP_2021:6.3.1,name,en,Skilled Craftworkers in Precision Mechanics on Metals and Related Materials,LLM
sys_occupation_classifications,CP_2021:6.3.2,name,en,"Potters, Glass Blowers, Glass Formers and Related Professions",LLM
sys_occupation_classifications,CP_2021:6.3.3,name,en,"Craftworkers in Artistic Wood, Textile and Leather Working and Related Materials",LLM
sys_occupation_classifications,CP_2021:6.3.4,name,en,Skilled Craftworkers in Printing Activities,LLM
sys_occupation_classifications,CP_2021:6.4.1,name,en,Farmers and Skilled Agricultural Workers,LLM
sys_occupation_classifications,CP_2021:6.4.2,name,en,Livestock Farmers and Skilled Animal Husbandry Workers,LLM
sys_occupation_classifications,CP_2021:6.4.3,name,en,Livestock and Crop Farmers,LLM
sys_occupation_classifications,CP_2021:6.4.4,name,en,Skilled Forestry Workers,LLM
sys_occupation_classifications,CP_2021:6.4.5,name,en,Fishermen and Hunters,LLM
sys_occupation_classifications,CP_2021:6.5.1,name,en,Skilled Craftworkers in Food Processing,LLM
sys_occupation_classifications,CP_2021:6.5.2,name,en,"Tool Setters, Workers and Craftworkers in Wood Processing and Related Trades",LLM
sys_occupation_classifications,CP_2021:6.5.3,name,en,Skilled Craftworkers in Textiles and Clothing,LLM
sys_occupation_classifications,CP_2021:6.5.4,name,en,"Skilled Craftworkers in Leather, Hide and Footwear Processing and Related Trades",LLM
sys_occupation_classifications,CP_2021:6.5.5,name,en,Skilled Craftworkers in the Entertainment Industry,LLM
sys_occupation_classifications,CP_2021:7.1.1,name,en,Operators of Plant and Machinery for Mineral Extraction and Primary Processing,LLM
sys_occupation_classifications,CP_2021:7.1.2,name,en,Operators of Plant for Hot Metal Processing and Working,LLM
sys_occupation_classifications,CP_2021:7.1.3,name,en,"Operators of Furnaces and Other Plant for Glass, Ceramics and Related Materials Processing",LLM
sys_occupation_classifications,CP_2021:7.1.4,name,en,Operators of Plant for Wood Processing and Paper Manufacturing,LLM
sys_occupation_classifications,CP_2021:7.1.5,name,en,"Operators of Machinery and Plant for Gas and Petroleum Product Refining, Basic and Fine Chemicals, and Chemical Derivative Manufacturing",LLM
sys_occupation_classifications,CP_2021:7.1.6,name,en,"Operators of Plant for Thermal Energy and Steam Production, Waste Recovery, and Water Treatment and Distribution",LLM
sys_occupation_classifications,CP_2021:7.1.7,name,en,Operators of Automated Assembly Lines and Industrial Robots,LLM
sys_occupation_classifications,CP_2021:7.1.8,name,en,Operators of Plant for Mineral Processing,LLM
sys_occupation_classifications,CP_2021:7.2.1,name,en,Workers Operating Automatic and Semi-automatic Machines for Metalworking and Mineral Products,LLM
sys_occupation_classifications,CP_2021:7.2.2,name,en,"Metal Plating, Electroplating and Photographic Product Manufacturing Workers",LLM
sys_occupation_classifications,CP_2021:7.2.3,name,en,Operators of Machinery for Rubber and Plastic Products Manufacturing,LLM
sys_occupation_classifications,CP_2021:7.2.4,name,en,Workers Operating Machinery in Plants for Series Production of Wood Articles,LLM
sys_occupation_classifications,CP_2021:7.2.5,name,en,Operators of Machinery for Typography and Printing on Paper and Cardboard,LLM
sys_occupation_classifications,CP_2021:7.2.6,name,en,"Workers Operating Machinery in the Textile, Garment and Related Industries",LLM
sys_occupation_classifications,CP_2021:7.2.7,name,en,Industrial Product Assembly Workers,LLM
sys_occupation_classifications,CP_2021:7.2.8,name,en,Workers Operating Packaging Machines for Industrial Products,LLM
sys_occupation_classifications,CP_2021:7.3.1,name,en,Workers Operating Fixed Machinery in Agriculture and Primary Processing of Agricultural Products,LLM
sys_occupation_classifications,CP_2021:7.3.2,name,en,Workers Operating Fixed Machinery in the Food Industry,LLM
sys_occupation_classifications,CP_2021:7.4.1,name,en,Train Drivers and Other Rail Vehicle and Cableway Operators,LLM
sys_occupation_classifications,CP_2021:7.4.2,name,en,Drivers of Motor Vehicles and Animal-drawn Vehicles,LLM
sys_occupation_classifications,CP_2021:7.4.3,name,en,Agricultural Machinery Drivers,LLM
sys_occupation_classifications,CP_2021:7.4.4,name,en,"Drivers of Earth-moving, Lifting and Materials Handling Machinery",LLM
sys_occupation_classifications,CP_2021:7.4.5,name,en,Deck Crew and Related Workers,LLM
sys_occupation_classifications,CP_2021:8.1.1,name,en,Street and Market Vendors,LLM
sys_occupation_classifications,CP_2021:8.1.2,name,en,Elementary Office Workers,LLM
sys_occupation_classifications,CP_2021:8.1.3,name,en,Elementary Workers in Goods Handling and Delivery,LLM
sys_occupation_classifications,CP_2021:8.1.4,name,en,"Elementary Cleaning Workers in Offices, Hotels, Ships, Restaurants, Public Areas and Vehicles",LLM
sys_occupation_classifications,CP_2021:8.1.5,name,en,Elementary Workers in Education and Health Services,LLM
sys_occupation_classifications,CP_2021:8.1.6,name,en,"Elementary Workers in Custodial Services for Buildings, Equipment and Property",LLM
sys_occupation_classifications,CP_2021:8.2.1,name,en,Elementary Workers in Recreational and Cultural Services,LLM
sys_occupation_classifications,CP_2021:8.2.2,name,en,Elementary Domestic Service Workers,LLM
sys_occupation_classifications,CP_2021:8.3.1,name,en,Elementary Workers in Agriculture and Landscape Maintenance,LLM
sys_occupation_classifications,CP_2021:8.3.2,name,en,"Elementary Workers in Forestry, Animal Care, Fishing and Hunting",LLM
sys_occupation_classifications,CP_2021:8.4.1,name,en,Elementary Workers in Mines and Quarries,LLM
sys_occupation_classifications,CP_2021:8.4.2,name,en,Elementary Construction Workers and Related Professions,LLM
sys_occupation_classifications,CP_2021:8.4.3,name,en,Elementary Manufacturing Workers,LLM
sys_occupation_classifications,CP_2021:9.1.1,name,en,Armed Forces Officers,LLM
sys_occupation_classifications,CP_2021:9.2.1,name,en,Non-Commissioned Officers of the Armed Forces,LLM
sys_occupation_classifications,CP_2021:9.3.1,name,en,Armed Forces Other Ranks,LLM
sys_occupation_classifications,CP_2021:1.1.1.1,name,en,Members of Government Bodies and Assemblies with Legislative and Regulatory Powers at National Level,LLM
sys_occupation_classifications,CP_2021:1.1.1.2,name,en,Members of Government Bodies and Assemblies with Legislative and Regulatory Powers at Regional and Autonomous Province Level,LLM
sys_occupation_classifications,CP_2021:1.1.1.3,name,en,Members of Government Bodies and Assemblies with Regulatory Powers at Provincial or Metropolitan City Level,LLM
sys_occupation_classifications,CP_2021:1.1.1.4,name,en,Members of Government Bodies and Assemblies with Regulatory Powers at Municipal and Sub-provincial Level,LLM
sys_occupation_classifications,CP_2021:1.1.2.1,name,en,"Ambassadors, Plenipotentiary Ministers and Senior Diplomatic Officials",LLM
sys_occupation_classifications,CP_2021:1.1.2.2,name,en,"Prefects and Deputy Prefects, Senior Prefectural Officials and Senior Public Security Officials",LLM
sys_occupation_classifications,CP_2021:1.1.2.3,name,en,"General and Departmental Directors and Equivalent in State Administration, Non-economic Public Bodies, Local Authorities, Universities, Research Institutions and Health Services",LLM
sys_occupation_classifications,CP_2021:1.1.2.4,name,en,"Senior Officials and Equivalent in State Administration, Non-economic Public Bodies, Local Authorities, Schools, Universities, Research Institutions and Health Services",LLM
sys_occupation_classifications,CP_2021:1.1.3.1,name,en,"Senior Judges with Executive, Policy-setting and Coordinating Functions",LLM
sys_occupation_classifications,CP_2021:1.1.4.1,name,en,"Senior Officials of National and Supranational Organizations Representing Collective Interests (Political Parties and Movements, Employers' and Workers' Trade Unions, Environmental and Consumer Protection Associations)",LLM
sys_occupation_classifications,CP_2021:1.1.4.2,name,en,"Senior Officials of National or Supranational Humanitarian, Cultural, Scientific and Sports Associations",LLM
sys_occupation_classifications,CP_2021:1.2.1.1,name,en,"Entrepreneurs and Administrators of Large Enterprises in Agriculture, Livestock Farming, Forestry, Hunting and Fishing",LLM
sys_occupation_classifications,CP_2021:1.2.1.2,name,en,"Entrepreneurs and Administrators of Large Enterprises in Mining, Manufacturing, Electricity, Gas and Water Supply, and Waste Management",LLM
sys_occupation_classifications,CP_2021:1.2.1.3,name,en,Entrepreneurs and Administrators of Large Construction Enterprises,LLM
sys_occupation_classifications,CP_2021:1.2.1.4,name,en,Entrepreneurs and Administrators of Large Enterprises in Trade,LLM
sys_occupation_classifications,CP_2021:1.2.1.5,name,en,Entrepreneurs and Administrators of Large Enterprises in Accommodation and Food Service Activities,LLM
sys_occupation_classifications,CP_2021:1.2.1.6,name,en,"Entrepreneurs and Administrators of Large Enterprises in Transportation, Storage, Information and Communication Services",LLM
sys_occupation_classifications,CP_2021:1.2.1.7,name,en,"Entrepreneurs and Administrators of Large Banks, Insurance Companies, Real Estate and Financial Intermediation Agencies",LLM
sys_occupation_classifications,CP_2021:1.2.1.8,name,en,Entrepreneurs and Administrators of Large Enterprises in Business and Personal Services,LLM
sys_occupation_classifications,CP_2021:1.2.1.9,name,en,"Entrepreneurs and Administrators of Large Private Enterprises in Education, Health, Social Assistance, Arts, Sports, Entertainment and Recreation",LLM
sys_occupation_classifications,CP_2021:1.2.2.1,name,en,"Directors and General Managers of Enterprises in Agriculture, Livestock Farming, Forestry, Hunting and Fishing",LLM
sys_occupation_classifications,CP_2021:1.2.2.2,name,en,"Directors and General Managers of Enterprises in Mining, Manufacturing, Electricity, Gas and Water Supply, and Waste Management",LLM
sys_occupation_classifications,CP_2021:1.2.2.3,name,en,Directors and General Managers of Construction Enterprises,LLM
sys_occupation_classifications,CP_2021:1.2.2.4,name,en,Directors and General Managers of Enterprises in Trade,LLM
sys_occupation_classifications,CP_2021:1.2.2.5,name,en,Directors and General Managers of Enterprises in Accommodation and Food Service Activities,LLM
sys_occupation_classifications,CP_2021:1.2.2.6,name,en,"Directors and General Managers of Enterprises in Transportation, Storage, Information and Communication Services",LLM
sys_occupation_classifications,CP_2021:1.2.2.7,name,en,"Directors and General Managers of Banks, Insurance Companies, Real Estate and Financial Intermediation Agencies",LLM
sys_occupation_classifications,CP_2021:1.2.2.8,name,en,Directors and General Managers of Business and Personal Services Enterprises,LLM
sys_occupation_classifications,CP_2021:1.2.2.9,name,en,"Directors and General Managers of Enterprises in Arts, Sports, Entertainment and Recreation",LLM
sys_occupation_classifications,CP_2021:1.2.3.1,name,en,Finance and Administration Directors and Managers,LLM
sys_occupation_classifications,CP_2021:1.2.3.2,name,en,"Organization, Human Resources and Industrial Relations Directors and Managers",LLM
sys_occupation_classifications,CP_2021:1.2.3.3,name,en,Sales and Marketing Directors and Managers,LLM
sys_occupation_classifications,CP_2021:1.2.3.4,name,en,"Communication, Advertising and Public Relations Directors and Managers",LLM
sys_occupation_classifications,CP_2021:1.2.3.5,name,en,Procurement and Distribution Directors and Managers,LLM
sys_occupation_classifications,CP_2021:1.2.3.6,name,en,Information Technology Services Directors and Managers,LLM
sys_occupation_classifications,CP_2021:1.2.3.7,name,en,Research and Development Directors and Managers,LLM
sys_occupation_classifications,CP_2021:1.2.3.8,name,en,Planning and Policy Directors and Managers,LLM
sys_occupation_classifications,CP_2021:1.3.1.1,name,en,"Entrepreneurs and Managers of Small Enterprises in Agriculture, Livestock Farming, Forestry, Hunting and Fishing",LLM
sys_occupation_classifications,CP_2021:1.3.1.2,name,en,"Entrepreneurs and Managers of Small Enterprises in Mining, Manufacturing, Electricity, Gas and Water Supply, and Waste Management",LLM
sys_occupation_classifications,CP_2021:1.3.1.3,name,en,Entrepreneurs and Managers of Small Construction Enterprises,LLM
sys_occupation_classifications,CP_2021:1.3.1.4,name,en,Entrepreneurs and Managers of Small Enterprises in Trade,LLM
sys_occupation_classifications,CP_2021:1.3.1.5,name,en,Entrepreneurs and Managers of Small Enterprises in Accommodation and Food Service Activities,LLM
sys_occupation_classifications,CP_2021:1.3.1.6,name,en,"Entrepreneurs and Managers of Small Enterprises in Transportation, Storage, Information and Communication Services",LLM
sys_occupation_classifications,CP_2021:1.3.1.7,name,en,"Entrepreneurs and Managers of Small Credit Institutions and Financial, Insurance and Real Estate Intermediation Firms",LLM
sys_occupation_classifications,CP_2021:1.3.1.8,name,en,Entrepreneurs and Managers of Small Enterprises in Business and Personal Services,LLM
sys_occupation_classifications,CP_2021:1.3.1.9,name,en,"Entrepreneurs and Managers of Small Enterprises in Education, Training, Research, Health, Social Assistance, Arts, Sports, Entertainment and Recreation",LLM
sys_occupation_classifications,CP_2021:2.1.1.1,name,en,Physicists and Astronomers,LLM
sys_occupation_classifications,CP_2021:2.1.1.2,name,en,Chemists and Related Professionals,LLM
sys_occupation_classifications,CP_2021:2.1.1.3,name,en,"Mathematicians, Statisticians, Data Analysts and Related Professionals",LLM
sys_occupation_classifications,CP_2021:2.1.1.4,name,en,"Geologists, Meteorologists, Geophysicists and Related Professionals",LLM
sys_occupation_classifications,CP_2021:2.2.1.1,name,en,Energy and Mechanical Engineers,LLM
sys_occupation_classifications,CP_2021:2.2.1.2,name,en,Metallurgical and Mining Engineers,LLM
sys_occupation_classifications,CP_2021:2.2.1.3,name,en,Electrical Engineers,LLM
sys_occupation_classifications,CP_2021:2.2.1.4,name,en,Information Engineers,LLM
sys_occupation_classifications,CP_2021:2.2.1.5,name,en,"Chemical, Petroleum and Materials Engineers",LLM
sys_occupation_classifications,CP_2021:2.2.1.6,name,en,Civil Engineers and Related Professionals,LLM
sys_occupation_classifications,CP_2021:2.2.1.7,name,en,Industrial and Management Engineers,LLM
sys_occupation_classifications,CP_2021:2.2.1.8,name,en,Biomedical Engineers and Bioengineers,LLM
sys_occupation_classifications,CP_2021:2.2.2.1,name,en,"Architects, Planners, Landscape Architects and Specialists in Land Restoration and Conservation",LLM
sys_occupation_classifications,CP_2021:2.2.2.2,name,en,"Cartographers, Photogrammetrists and Geographic Information Systems Specialists",LLM
sys_occupation_classifications,CP_2021:2.3.1.1,name,en,"Biologists, Botanists, Zoologists and Related Professionals",LLM
sys_occupation_classifications,CP_2021:2.3.1.2,name,en,"Pharmacologists, Bacteriologists and Related Professionals",LLM
sys_occupation_classifications,CP_2021:2.3.1.3,name,en,Agronomists and Forestry Specialists,LLM
sys_occupation_classifications,CP_2021:2.3.1.4,name,en,Veterinarians,LLM
sys_occupation_classifications,CP_2021:2.3.1.5,name,en,Pharmacists,LLM
sys_occupation_classifications,CP_2021:2.4.1.1,name,en,General Practitioners,LLM
sys_occupation_classifications,CP_2021:2.4.1.2,name,en,Medical Therapy Specialists,LLM
sys_occupation_classifications,CP_2021:2.4.1.3,name,en,Surgical Therapy Specialists,LLM
sys_occupation_classifications,CP_2021:2.4.1.4,name,en,Clinical Laboratory Specialists and Pathologists,LLM
sys_occupation_classifications,CP_2021:2.4.1.5,name,en,Dentists and Oral and Maxillofacial Specialists,LLM
sys_occupation_classifications,CP_2021:2.4.1.6,name,en,Diagnostic Imaging and Radiotherapy Specialists,LLM
sys_occupation_classifications,CP_2021:2.4.1.7,name,en,"Hygiene, Epidemiology and Public Health Specialists",LLM
sys_occupation_classifications,CP_2021:2.4.1.8,name,en,Anesthesiologists and Intensive Care Specialists,LLM
sys_occupation_classifications,CP_2021:2.5.1.1,name,en,Management and Control Specialists in Public Administration,LLM
sys_occupation_classifications,CP_2021:2.5.1.2,name,en,Management and Control Specialists in Private Enterprises,LLM
sys_occupation_classifications,CP_2021:2.5.1.3,name,en,"Personnel Management, Development and Work Organization Specialists",LLM
sys_occupation_classifications,CP_2021:2.5.1.4,name,en,Accounting and Financial Specialists,LLM
sys_occupation_classifications,CP_2021:2.5.1.5,name,en,Market Relations Specialists,LLM
sys_occupation_classifications,CP_2021:2.5.1.6,name,en,"Public Relations, Image Consulting and Related Specialists",LLM
sys_occupation_classifications,CP_2021:2.5.2.1,name,en,Legal Attorneys and Lawyers,LLM
sys_occupation_classifications,CP_2021:2.5.2.2,name,en,Legal Experts in Enterprises and Public Bodies,LLM
sys_occupation_classifications,CP_2021:2.5.2.3,name,en,Notaries,LLM
sys_occupation_classifications,CP_2021:2.5.2.4,name,en,Judges and Magistrates,LLM
sys_occupation_classifications,CP_2021:2.5.3.1,name,en,Economists,LLM
sys_occupation_classifications,CP_2021:2.5.3.2,name,en,Sociologists and Anthropologists,LLM
sys_occupation_classifications,CP_2021:2.5.3.3,name,en,Psychologists and Psychotherapists,LLM
sys_occupation_classifications,CP_2021:2.5.3.4,name,en,"Historians, Art Scholars, Political Scientists and Philosophers",LLM
sys_occupation_classifications,CP_2021:2.5.3.5,name,en,Pedagogy Specialists,LLM
sys_occupation_classifications,CP_2021:2.5.4.1,name,en,Writers and Related Professionals,LLM
sys_occupation_classifications,CP_2021:2.5.4.2,name,en,Journalists,LLM
sys_occupation_classifications,CP_2021:2.5.4.3,name,en,Senior Interpreters and Translators,LLM
sys_occupation_classifications,CP_2021:2.5.4.4,name,en,"Linguists, Philologists and Text Editors",LLM
sys_occupation_classifications,CP_2021:2.5.4.5,name,en,"Archivists and Digital Curators, Librarians, Museum Curators and Related Professionals",LLM
sys_occupation_classifications,CP_2021:2.5.5.1,name,en,"Painters, Sculptors and Graphic Artists",LLM
sys_occupation_classifications,CP_2021:2.5.5.2,name,en,"Film Directors, Artistic Directors, Actors, Screenwriters and Set Designers",LLM
sys_occupation_classifications,CP_2021:2.5.5.3,name,en,Choreographers and Dancers,LLM
sys_occupation_classifications,CP_2021:2.5.5.4,name,en,"Composers, Musicians and Singers",LLM
sys_occupation_classifications,CP_2021:2.5.5.5,name,en,Popular Culture and Variety Artists and Acrobats,LLM
sys_occupation_classifications,CP_2021:2.5.5.6,name,en,Restorers and Cultural Heritage Conservation Specialists,LLM
sys_occupation_classifications,CP_2021:2.5.6.1,name,en,Religious and Theological Specialists,LLM
sys_occupation_classifications,CP_2021:2.6.1.1,name,en,"University Professors of Mathematics, Computer Science, Physics, Chemistry and Earth Sciences",LLM
sys_occupation_classifications,CP_2021:2.6.1.2,name,en,University Professors of Life and Health Sciences,LLM
sys_occupation_classifications,CP_2021:2.6.1.3,name,en,University Professors of Engineering and Architecture,LLM
sys_occupation_classifications,CP_2021:2.6.1.4,name,en,"University Professors of Classical Studies, Philology and Literature, and Art History",LLM
sys_occupation_classifications,CP_2021:2.6.1.5,name,en,"University Professors of History, Philosophy, Pedagogy and Psychology",LLM
sys_occupation_classifications,CP_2021:2.6.1.6,name,en,University Professors of Economics and Statistics,LLM
sys_occupation_classifications,CP_2021:2.6.1.7,name,en,"University Professors of Law, Political Science and Social Sciences",LLM
sys_occupation_classifications,CP_2021:2.6.2.1,name,en,"Researchers and Graduate Technicians in Mathematics, Computer Science, Physics, Chemistry and Earth Sciences",LLM
sys_occupation_classifications,CP_2021:2.6.2.2,name,en,Researchers and Graduate Technicians in Life and Health Sciences,LLM
sys_occupation_classifications,CP_2021:2.6.2.3,name,en,Researchers and Graduate Technicians in Engineering and Architecture,LLM
sys_occupation_classifications,CP_2021:2.6.2.4,name,en,"Researchers and Graduate Technicians in Classical Studies, Philology and Literature, and Art History",LLM
sys_occupation_classifications,CP_2021:2.6.2.5,name,en,"Researchers and Graduate Technicians in History, Philosophy, Pedagogy and Psychology",LLM
sys_occupation_classifications,CP_2021:2.6.2.6,name,en,Researchers and Graduate Technicians in Economics and Statistics,LLM
sys_occupation_classifications,CP_2021:2.6.2.7,name,en,"Researchers and Graduate Technicians in Law, Political Science and Social Sciences",LLM
sys_occupation_classifications,CP_2021:2.6.3.1,name,en,"Teachers at Academies, Conservatories and Related Educational Institutions",LLM
sys_occupation_classifications,CP_2021:2.6.3.2,name,en,Upper Secondary School Teachers,LLM
sys_occupation_classifications,CP_2021:2.6.3.3,name,en,Lower Secondary School Teachers,LLM
sys_occupation_classifications,CP_2021:2.6.4.1,name,en,Primary School Teachers,LLM
sys_occupation_classifications,CP_2021:2.6.4.2,name,en,Pre-Primary School Teachers,LLM
sys_occupation_classifications,CP_2021:2.6.5.1,name,en,Specialists in Education and Training for Persons with Disabilities,LLM
sys_occupation_classifications,CP_2021:2.6.5.2,name,en,School Inspectors and Related Professionals,LLM
sys_occupation_classifications,CP_2021:2.6.5.3,name,en,Teachers and Experts in Educational and Curriculum Design,LLM
sys_occupation_classifications,CP_2021:2.6.5.4,name,en,Guidance Counselors,LLM
sys_occupation_classifications,CP_2021:2.6.5.5,name,en,Teachers of Arts and Literature,LLM
sys_occupation_classifications,CP_2021:2.7.1.1,name,en,Software Analysts and Designers,LLM
sys_occupation_classifications,CP_2021:2.7.2.1,name,en,Systems Designers and Administrators,LLM
sys_occupation_classifications,CP_2021:3.1.1.1,name,en,Physical and Geological Technicians,LLM
sys_occupation_classifications,CP_2021:3.1.1.2,name,en,Chemical Technicians,LLM
sys_occupation_classifications,CP_2021:3.1.1.3,name,en,Statistical Technicians,LLM
sys_occupation_classifications,CP_2021:3.1.2.1,name,en,Programming Technicians,LLM
sys_occupation_classifications,CP_2021:3.1.2.2,name,en,Applications Technicians,LLM
sys_occupation_classifications,CP_2021:3.1.2.3,name,en,Web Technicians,LLM
sys_occupation_classifications,CP_2021:3.1.2.4,name,en,Database Technicians,LLM
sys_occupation_classifications,CP_2021:3.1.2.5,name,en,Network and Telematic Systems Technicians,LLM
sys_occupation_classifications,CP_2021:3.1.2.6,name,en,Radio and Television Broadcasting and Telecommunications Technicians,LLM
sys_occupation_classifications,CP_2021:3.1.2.7,name,en,Geographic Information Systems Technicians,LLM
sys_occupation_classifications,CP_2021:3.1.3.1,name,en,Mechanical Technicians,LLM
sys_occupation_classifications,CP_2021:3.1.3.2,name,en,"Metallurgical, Mining and Ceramics Technicians",LLM
sys_occupation_classifications,CP_2021:3.1.3.3,name,en,Electrical Technicians,LLM
sys_occupation_classifications,CP_2021:3.1.3.4,name,en,Electronics Technicians,LLM
sys_occupation_classifications,CP_2021:3.1.3.5,name,en,Civil Construction Technicians and Related Professionals,LLM
sys_occupation_classifications,CP_2021:3.1.3.6,name,en,Energy Efficiency and Renewable Energy Technicians,LLM
sys_occupation_classifications,CP_2021:3.1.3.7,name,en,Industrial Draughtspersons and Related Professionals,LLM
sys_occupation_classifications,CP_2021:3.1.4.1,name,en,Continuous Process Plant Operation Technicians,LLM
sys_occupation_classifications,CP_2021:3.1.4.2,name,en,Water and Energy Network Operation Technicians,LLM
sys_occupation_classifications,CP_2021:3.1.5.1,name,en,Mining and Quarrying Production Technicians,LLM
sys_occupation_classifications,CP_2021:3.1.5.2,name,en,Construction Site Management Technicians,LLM
sys_occupation_classifications,CP_2021:3.1.5.3,name,en,Manufacturing Production Technicians,LLM
sys_occupation_classifications,CP_2021:3.1.5.4,name,en,Food Production and Preparation Technicians,LLM
sys_occupation_classifications,CP_2021:3.1.5.5,name,en,Service Production Technicians,LLM
sys_occupation_classifications,CP_2021:3.1.6.1,name,en,Ship Captains and Deck Officers,LLM
sys_occupation_classifications,CP_2021:3.1.6.2,name,en,Aircraft Captains and Pilots,LLM
sys_occupation_classifications,CP_2021:3.1.6.3,name,en,Civil Aviation Technicians,LLM
sys_occupation_classifications,CP_2021:3.1.6.4,name,en,Railway Traffic Organization Technicians,LLM
sys_occupation_classifications,CP_2021:3.1.6.5,name,en,Port Traffic Organization Technicians,LLM
sys_occupation_classifications,CP_2021:3.1.7.1,name,en,Photographers and Related Professionals,LLM
sys_occupation_classifications,CP_2021:3.1.7.2,name,en,Audio-Video Recording and Production Equipment Operators,LLM
sys_occupation_classifications,CP_2021:3.1.7.3,name,en,Medical Equipment and Diagnostic Imaging Technicians,LLM
sys_occupation_classifications,CP_2021:3.1.8.1,name,en,Plant Safety Technicians,LLM
sys_occupation_classifications,CP_2021:3.1.8.2,name,en,Occupational Safety Technicians,LLM
sys_occupation_classifications,CP_2021:3.1.8.3,name,en,Environmental Control and Remediation Technicians,LLM
sys_occupation_classifications,CP_2021:3.2.1.1,name,en,Nursing and Midwifery Professionals,LLM
sys_occupation_classifications,CP_2021:3.2.1.2,name,en,Rehabilitation Health Professionals,LLM
sys_occupation_classifications,CP_2021:3.2.1.3,name,en,Health Technical Professionals - Diagnostic Area,LLM
sys_occupation_classifications,CP_2021:3.2.1.4,name,en,Health Technical Professionals - Care Area,LLM
sys_occupation_classifications,CP_2021:3.2.1.5,name,en,Prevention Technical Professionals,LLM
sys_occupation_classifications,CP_2021:3.2.1.6,name,en,Other Health Technical Professionals,LLM
sys_occupation_classifications,CP_2021:3.2.1.7,name,en,Traditional Medicine Technicians,LLM
sys_occupation_classifications,CP_2021:3.2.2.1,name,en,Agronomy and Forestry Technicians,LLM
sys_occupation_classifications,CP_2021:3.2.2.2,name,en,Animal Husbandry Technicians,LLM
sys_occupation_classifications,CP_2021:3.2.2.3,name,en,Biology and Biochemistry Technicians and Related Professionals,LLM
sys_occupation_classifications,CP_2021:3.3.1.1,name,en,"Administrative Secretaries, Archivists, General Affairs Technicians and Related Professionals",LLM
sys_occupation_classifications,CP_2021:3.3.1.2,name,en,Accountants and Related Professionals,LLM
sys_occupation_classifications,CP_2021:3.3.1.3,name,en,Information Transfer and Processing Technicians,LLM
sys_occupation_classifications,CP_2021:3.3.1.4,name,en,Foreign Language Correspondents and Related Professionals,LLM
sys_occupation_classifications,CP_2021:3.3.1.5,name,en,Production Factors Organization and Management Technicians,LLM
sys_occupation_classifications,CP_2021:3.3.2.1,name,en,Financial Management Technicians,LLM
sys_occupation_classifications,CP_2021:3.3.2.2,name,en,Banking Technicians,LLM
sys_occupation_classifications,CP_2021:3.3.2.3,name,en,Insurance Agents,LLM
sys_occupation_classifications,CP_2021:3.3.2.4,name,en,"Surveyors, Risk Assessors, Claims Adjusters and Related Professionals",LLM
sys_occupation_classifications,CP_2021:3.3.2.5,name,en,"Stock and Exchange Brokers, Securities Intermediation Technicians and Related Professionals",LLM
sys_occupation_classifications,CP_2021:3.3.2.6,name,en,Financial Leasing and Exchange Contract Technicians,LLM
sys_occupation_classifications,CP_2021:3.3.3.1,name,en,Procurement Officers and Purchasing Managers,LLM
sys_occupation_classifications,CP_2021:3.3.3.2,name,en,Warehouse and Internal Distribution Managers,LLM
sys_occupation_classifications,CP_2021:3.3.3.3,name,en,"Commercial Auctioneers, Appraisers and Adjudicators",LLM
sys_occupation_classifications,CP_2021:3.3.3.4,name,en,Sales and Distribution Technicians,LLM
sys_occupation_classifications,CP_2021:3.3.3.5,name,en,Marketing Technicians,LLM
sys_occupation_classifications,CP_2021:3.3.3.6,name,en,Advertising and Public Relations Technicians,LLM
sys_occupation_classifications,CP_2021:3.3.4.1,name,en,Freight Forwarders and Distribution Technicians,LLM
sys_occupation_classifications,CP_2021:3.3.4.2,name,en,Trade Agents,LLM
sys_occupation_classifications,CP_2021:3.3.4.3,name,en,Dealership Agents,LLM
sys_occupation_classifications,CP_2021:3.3.4.4,name,en,Advertising Agents,LLM
sys_occupation_classifications,CP_2021:3.3.4.5,name,en,Real Estate Agents,LLM
sys_occupation_classifications,CP_2021:3.3.4.6,name,en,Commercial Representatives,LLM
sys_occupation_classifications,CP_2021:3.3.4.7,name,en,Agents and Representatives of Artists and Athletes,LLM
sys_occupation_classifications,CP_2021:3.4.1.1,name,en,Hospitality Activities Technicians and Related Professionals,LLM
sys_occupation_classifications,CP_2021:3.4.1.2,name,en,"Trade Fair, Conference and Cultural Event Organization Technicians",LLM
sys_occupation_classifications,CP_2021:3.4.1.3,name,en,Tourist Entertainers and Related Professions,LLM
sys_occupation_classifications,CP_2021:3.4.1.4,name,en,Travel Agents,LLM
sys_occupation_classifications,CP_2021:3.4.1.5,name,en,Specialized Guides and Tour Escorts,LLM
sys_occupation_classifications,CP_2021:3.4.2.1,name,en,Driving Instructors,LLM
sys_occupation_classifications,CP_2021:3.4.2.2,name,en,Vocational Training Teachers and Related Professions,LLM
sys_occupation_classifications,CP_2021:3.4.2.3,name,en,Instructors of Artistic Techniques,LLM
sys_occupation_classifications,CP_2021:3.4.2.4,name,en,Instructors of Non-Competitive Sports Disciplines,LLM
sys_occupation_classifications,CP_2021:3.4.2.5,name,en,Organizational Professionals in Physical Education and Sport,LLM
sys_occupation_classifications,CP_2021:3.4.2.6,name,en,Coaches and Technicians of Competitive Sports Disciplines,LLM
sys_occupation_classifications,CP_2021:3.4.2.7,name,en,Athletes,LLM
sys_occupation_classifications,CP_2021:3.4.3.1,name,en,"Radio, Television and Other Entertainment Announcers and Presenters",LLM
sys_occupation_classifications,CP_2021:3.4.3.2,name,en,"Broadcasting, Film and Theatre Production Organization Technicians",LLM
sys_occupation_classifications,CP_2021:3.4.3.3,name,en,Entertainers,LLM
sys_occupation_classifications,CP_2021:3.4.4.1,name,en,"Graphic Designers, Illustrators and Set Designers",LLM
sys_occupation_classifications,CP_2021:3.4.4.2,name,en,Museum and Library Technicians and Related Professions,LLM
sys_occupation_classifications,CP_2021:3.4.4.3,name,en,"Art Experts, Appraisers and Related Professions",LLM
sys_occupation_classifications,CP_2021:3.4.4.4,name,en,Restoration Technicians,LLM
sys_occupation_classifications,CP_2021:3.4.5.1,name,en,Social Workers,LLM
sys_occupation_classifications,CP_2021:3.4.5.2,name,en,Social Reintegration and Inclusion Technicians,LLM
sys_occupation_classifications,CP_2021:3.4.5.3,name,en,Employment Services Technicians,LLM
sys_occupation_classifications,CP_2021:3.4.5.4,name,en,Private Security Services Technicians and Related Professions,LLM
sys_occupation_classifications,CP_2021:3.4.5.5,name,en,Religious and Worship Activities Technicians,LLM
sys_occupation_classifications,CP_2021:3.4.6.1,name,en,Judicial Services Technicians,LLM
sys_occupation_classifications,CP_2021:3.4.6.2,name,en,State Police Officers,LLM
sys_occupation_classifications,CP_2021:3.4.6.3,name,en,"Municipal Police, Firefighting and Forestry Corps Security Services Technicians",LLM
sys_occupation_classifications,CP_2021:3.4.6.4,name,en,Financial Police Officers,LLM
sys_occupation_classifications,CP_2021:3.4.6.5,name,en,Tax Inspectors,LLM
sys_occupation_classifications,CP_2021:3.4.6.6,name,en,Public Licensing Services Technicians and Related Professions,LLM
sys_occupation_classifications,CP_2021:4.1.1.1,name,en,Secretarial Clerks,LLM
sys_occupation_classifications,CP_2021:4.1.1.2,name,en,General Affairs Clerks,LLM
sys_occupation_classifications,CP_2021:4.1.1.3,name,en,Registry and Document Sorting Clerks,LLM
sys_occupation_classifications,CP_2021:4.1.1.4,name,en,Personnel Management Clerks,LLM
sys_occupation_classifications,CP_2021:4.1.2.1,name,en,"Word Processing Operators, Typists, Stenographers and Related Professions",LLM
sys_occupation_classifications,CP_2021:4.1.2.2,name,en,Data Entry Clerks,LLM
sys_occupation_classifications,CP_2021:4.1.2.3,name,en,Reprographic and Document Mailing Machine Operators,LLM
sys_occupation_classifications,CP_2021:4.2.1.1,name,en,"Insurance, Banking and Other Financial Intermediary Counter Clerks",LLM
sys_occupation_classifications,CP_2021:4.2.1.2,name,en,Postal Service Counter Clerks,LLM
sys_occupation_classifications,CP_2021:4.2.1.3,name,en,Tax and Contribution Collection and Debt Recovery Counter Clerks,LLM
sys_occupation_classifications,CP_2021:4.2.1.4,name,en,Pawnbroking Agency Counter Clerks and Related Professions,LLM
sys_occupation_classifications,CP_2021:4.2.1.5,name,en,Ticket Sales Clerks,LLM
sys_occupation_classifications,CP_2021:4.2.1.6,name,en,Travel Agency Counter Clerks,LLM
sys_occupation_classifications,CP_2021:4.2.2.1,name,en,Reception and Information Clerks in Enterprises and Public Bodies,LLM
sys_occupation_classifications,CP_2021:4.2.2.2,name,en,Reception Clerks in Accommodation and Catering Services,LLM
sys_occupation_classifications,CP_2021:4.2.2.3,name,en,Telephone Switchboard Operators,LLM
sys_occupation_classifications,CP_2021:4.2.2.4,name,en,Non-Sales Call Centre Information Clerks,LLM
sys_occupation_classifications,CP_2021:4.3.1.1,name,en,Purchasing Management Clerks,LLM
sys_occupation_classifications,CP_2021:4.3.1.2,name,en,Warehouse Management Clerks and Related Professions,LLM
sys_occupation_classifications,CP_2021:4.3.1.3,name,en,Freight Transport Administrative Management Clerks,LLM
sys_occupation_classifications,CP_2021:4.3.2.1,name,en,Accounting Clerks,LLM
sys_occupation_classifications,CP_2021:4.3.2.2,name,en,Payroll Clerks,LLM
sys_occupation_classifications,CP_2021:4.3.2.3,name,en,Financial Operations Clerks for Enterprises and Organizations,LLM
sys_occupation_classifications,CP_2021:4.3.2.4,name,en,Statistical Services Clerks,LLM
sys_occupation_classifications,CP_2021:4.3.2.5,name,en,Internal Cash Office Clerks,LLM
sys_occupation_classifications,CP_2021:4.4.1.1,name,en,Control and Verification Clerks and Related Professions,LLM
sys_occupation_classifications,CP_2021:4.4.1.2,name,en,Travel Documentation Control Clerks,LLM
sys_occupation_classifications,CP_2021:4.4.1.3,name,en,Mail Sorting and Delivery Clerks,LLM
sys_occupation_classifications,CP_2021:4.4.2.1,name,en,Filing and Records Clerks and Related Professions,LLM
sys_occupation_classifications,CP_2021:4.4.2.2,name,en,Library Clerks and Related Professions,LLM
sys_occupation_classifications,CP_2021:5.1.1.1,name,en,Wholesale Shopkeepers,LLM
sys_occupation_classifications,CP_2021:5.1.1.2,name,en,Retail Shopkeepers,LLM
sys_occupation_classifications,CP_2021:5.1.1.3,name,en,Filling Station Operators and Related Workers,LLM
sys_occupation_classifications,CP_2021:5.1.2.1,name,en,Wholesale Sales Assistants,LLM
sys_occupation_classifications,CP_2021:5.1.2.2,name,en,Retail Sales Assistants,LLM
sys_occupation_classifications,CP_2021:5.1.2.3,name,en,Sales Organization Clerks,LLM
sys_occupation_classifications,CP_2021:5.1.2.4,name,en,Shop Cashiers,LLM
sys_occupation_classifications,CP_2021:5.1.2.5,name,en,Door-to-Door and Distance Salespersons and Related Professions,LLM
sys_occupation_classifications,CP_2021:5.1.2.6,name,en,Filling Station Attendants and Related Workers,LLM
sys_occupation_classifications,CP_2021:5.1.3.1,name,en,Models and Related Professions,LLM
sys_occupation_classifications,CP_2021:5.1.3.2,name,en,Demonstrators and Related Professions,LLM
sys_occupation_classifications,CP_2021:5.1.3.3,name,en,Window Dressers and Related Professions,LLM
sys_occupation_classifications,CP_2021:5.1.3.4,name,en,Customer Information and Assistance Clerks,LLM
sys_occupation_classifications,CP_2021:5.2.1.1,name,en,Accommodation Establishment Operators,LLM
sys_occupation_classifications,CP_2021:5.2.2.1,name,en,Hotel and Restaurant Cooks,LLM
sys_occupation_classifications,CP_2021:5.2.2.2,name,en,"Food Preparation, Cooking and Distribution Workers",LLM
sys_occupation_classifications,CP_2021:5.2.2.3,name,en,Waiters and Related Professions,LLM
sys_occupation_classifications,CP_2021:5.2.2.4,name,en,Bartenders and Related Professions,LLM
sys_occupation_classifications,CP_2021:5.2.2.5,name,en,Catering Establishment Operators,LLM
sys_occupation_classifications,CP_2021:5.2.3.1,name,en,"Hostesses, Stewards and Related Professions",LLM
sys_occupation_classifications,CP_2021:5.2.3.2,name,en,Tour Guides,LLM
sys_occupation_classifications,CP_2021:5.3.1.1,name,en,Qualified Professions in Health and Social Services,LLM
sys_occupation_classifications,CP_2021:5.4.1.1,name,en,"Cinema, Theatre and Sports and Recreational Facility Operators",LLM
sys_occupation_classifications,CP_2021:5.4.1.2,name,en,"Bookmakers, Croupiers and Related Professions",LLM
sys_occupation_classifications,CP_2021:5.4.1.3,name,en,"Astrologers, Fortune Tellers, Palm Readers and Related Professions",LLM
sys_occupation_classifications,CP_2021:5.5.1.1,name,en,Hairdressers,LLM
sys_occupation_classifications,CP_2021:5.5.1.2,name,en,Beauticians and Make-up Artists,LLM
sys_occupation_classifications,CP_2021:5.5.1.3,name,en,Massage Therapists and Thermal Spa Attendants,LLM
sys_occupation_classifications,CP_2021:5.5.2.1,name,en,Companions and Qualified Domestic Service Staff,LLM
sys_occupation_classifications,CP_2021:5.5.2.2,name,en,Childminders and Related Professions,LLM
sys_occupation_classifications,CP_2021:5.5.2.3,name,en,Personal Care Assistants,LLM
sys_occupation_classifications,CP_2021:5.5.3.1,name,en,Animal Trainers,LLM
sys_occupation_classifications,CP_2021:5.5.3.2,name,en,Keepers and Breeders of Pets and Show Animals,LLM
sys_occupation_classifications,CP_2021:5.5.4.1,name,en,Administrative Formalities Agency Operators and Related Professions,LLM
sys_occupation_classifications,CP_2021:5.5.4.2,name,en,Administrative Formalities Agency Clerks and Related Professions,LLM
sys_occupation_classifications,CP_2021:5.5.5.1,name,en,Funeral Home Operators,LLM
sys_occupation_classifications,CP_2021:5.5.5.2,name,en,Funeral Home Attendants,LLM
sys_occupation_classifications,CP_2021:5.6.1.1,name,en,Territorial Wardens,LLM
sys_occupation_classifications,CP_2021:5.6.1.2,name,en,Municipal Police Officers,LLM
sys_occupation_classifications,CP_2021:5.6.1.3,name,en,State Police Agents and Related Professions,LLM
sys_occupation_classifications,CP_2021:5.6.1.4,name,en,Firefighters and Related Professions,LLM
sys_occupation_classifications,CP_2021:5.6.1.5,name,en,Prison and Correctional Institution Officers,LLM
sys_occupation_classifications,CP_2021:5.6.1.6,name,en,Private Security Guards,LLM
sys_occupation_classifications,CP_2021:5.6.1.7,name,en,Lifeguards and Related Professions,LLM
sys_occupation_classifications,CP_2021:5.6.1.8,name,en,Garage and Parking Facility Operators,LLM
sys_occupation_classifications,CP_2021:6.1.1.1,name,en,Shot Firers and Blasters,LLM
sys_occupation_classifications,CP_2021:6.1.1.2,name,en,"Stone Cutters, Stonemasons and Marble Workers",LLM
sys_occupation_classifications,CP_2021:6.1.1.3,name,en,Salt Pan Workers,LLM
sys_occupation_classifications,CP_2021:6.1.2.1,name,en,"Stone, Brick and Refractory Masons",LLM
sys_occupation_classifications,CP_2021:6.1.2.2,name,en,Reinforced Concrete Masons,LLM
sys_occupation_classifications,CP_2021:6.1.2.3,name,en,"Building Carpenters and Joiners, Excluding Parquet Layers",LLM
sys_occupation_classifications,CP_2021:6.1.2.4,name,en,Scaffolders,LLM
sys_occupation_classifications,CP_2021:6.1.2.5,name,en,"Tunnel Shoring Workers, Railway Track Layers and Related Professions",LLM
sys_occupation_classifications,CP_2021:6.1.2.6,name,en,Road Pavers and Related Professions,LLM
sys_occupation_classifications,CP_2021:6.1.2.7,name,en,Prefabricated and Preformed Component Assemblers,LLM
sys_occupation_classifications,CP_2021:6.1.3.1,name,en,Roofers and Related Professions,LLM
sys_occupation_classifications,CP_2021:6.1.3.2,name,en,Floor Layers and Covering Installers,LLM
sys_occupation_classifications,CP_2021:6.1.3.3,name,en,Plasterers,LLM
sys_occupation_classifications,CP_2021:6.1.3.4,name,en,Insulation and Soundproofing Installers,LLM
sys_occupation_classifications,CP_2021:6.1.3.5,name,en,Glaziers,LLM
sys_occupation_classifications,CP_2021:6.1.3.6,name,en,Plumbers and Water and Gas Pipe Layers,LLM
sys_occupation_classifications,CP_2021:6.1.3.7,name,en,Building Electricians and Related Professions,LLM
sys_occupation_classifications,CP_2021:6.1.3.8,name,en,Window and Door Frame Installers,LLM
sys_occupation_classifications,CP_2021:6.1.4.1,name,en,"Painters, Stucco Workers, Lacquerers and Decorators",LLM
sys_occupation_classifications,CP_2021:6.1.4.2,name,en,Facade Cleaners,LLM
sys_occupation_classifications,CP_2021:6.1.5.1,name,en,Hygiene and Cleaning Services Workers,LLM
sys_occupation_classifications,CP_2021:6.1.5.2,name,en,Sewer System Maintenance Workers and Related Professions,LLM
sys_occupation_classifications,CP_2021:6.2.1.1,name,en,Foundry Casters and Coremakers,LLM
sys_occupation_classifications,CP_2021:6.2.1.2,name,en,Welders and Flame Cutters,LLM
sys_occupation_classifications,CP_2021:6.2.1.3,name,en,"Sheet Metal Workers and Boilermakers, Including Layout Markers",LLM
sys_occupation_classifications,CP_2021:6.2.1.4,name,en,Metal Structure Assemblers,LLM
sys_occupation_classifications,CP_2021:6.2.1.5,name,en,Riggers and Assemblers of Metal Cables for Industrial and Transport Use,LLM
sys_occupation_classifications,CP_2021:6.2.1.6,name,en,Divers and Underwater Workers,LLM
sys_occupation_classifications,CP_2021:6.2.1.7,name,en,Electric and ASME-Standard Welding Specialists,LLM
sys_occupation_classifications,CP_2021:6.2.1.8,name,en,Platers,LLM
sys_occupation_classifications,CP_2021:6.2.2.1,name,en,"Blacksmiths, Ingot Casters and Forging Press Operators",LLM
sys_occupation_classifications,CP_2021:6.2.2.2,name,en,"Toolmakers, Patternmakers and Mechanical Layout Markers",LLM
sys_occupation_classifications,CP_2021:6.2.2.3,name,en,Machine Tool Setters and Related Professions,LLM
sys_occupation_classifications,CP_2021:6.2.3.1,name,en,"Craft Mechanics, Automobile Repairers and Maintenance Workers and Related Professions",LLM
sys_occupation_classifications,CP_2021:6.2.3.2,name,en,Aircraft Engine Mechanics and Repairers,LLM
sys_occupation_classifications,CP_2021:6.2.3.3,name,en,Industrial Machinery Mechanics and Fitters and Related Professions,LLM
sys_occupation_classifications,CP_2021:6.2.3.4,name,en,Refrigeration Technicians,LLM
sys_occupation_classifications,CP_2021:6.2.3.5,name,en,"Mechanics and Fitters of Industrial Thermal, Hydraulic and Air Conditioning Equipment",LLM
sys_occupation_classifications,CP_2021:6.2.3.6,name,en,Test Mechanics,LLM
sys_occupation_classifications,CP_2021:6.2.3.7,name,en,Craft and Industrial Painters,LLM
sys_occupation_classifications,CP_2021:6.2.3.8,name,en,Naval Mechanics and Fitters,LLM
sys_occupation_classifications,CP_2021:6.2.4.1,name,en,Electrical and Electromechanical Equipment Installers and Repairers,LLM
sys_occupation_classifications,CP_2021:6.2.4.2,name,en,Industrial and Measuring Electronic Equipment Maintenance and Repair Technicians,LLM
sys_occupation_classifications,CP_2021:6.2.4.3,name,en,"Radio, Television and Related Equipment Repairers",LLM
sys_occupation_classifications,CP_2021:6.2.4.4,name,en,Telecommunications Equipment Installers and Repairers,LLM
sys_occupation_classifications,CP_2021:6.2.4.5,name,en,"Electrical Line Installers, Repairers and Cable Fitters",LLM
sys_occupation_classifications,CP_2021:6.2.4.6,name,en,"Computer Equipment Installers, Maintenance Workers and Repairers",LLM
sys_occupation_classifications,CP_2021:6.3.1.1,name,en,Precision Mechanics,LLM
sys_occupation_classifications,CP_2021:6.3.1.2,name,en,Mechanics and Repairers of Dental and Orthopaedic Prostheses,LLM
sys_occupation_classifications,CP_2021:6.3.1.3,name,en,"Craftsmen and Workers in Musical Instrument Making, Assembly and Tuning",LLM
sys_occupation_classifications,CP_2021:6.3.1.4,name,en,Watch and Clock Makers and Repairers,LLM
sys_occupation_classifications,CP_2021:6.3.1.5,name,en,Optical Instrument and Lens Makers,LLM
sys_occupation_classifications,CP_2021:6.3.1.6,name,en,"Goldsmiths, Jewellers and Related Professions",LLM
sys_occupation_classifications,CP_2021:6.3.2.1,name,en,Potters and Related Professions in Ceramic and Abrasive Products,LLM
sys_occupation_classifications,CP_2021:6.3.2.2,name,en,"Glass Blowers, Moulders, Cutters, Grinders and Polishers",LLM
sys_occupation_classifications,CP_2021:6.3.2.3,name,en,Glass Engravers and Etchers,LLM
sys_occupation_classifications,CP_2021:6.3.2.4,name,en,Glass and Ceramic Painters and Decorators,LLM
sys_occupation_classifications,CP_2021:6.3.3.1,name,en,Craftsmen in Artistic Woodworking and Related Materials,LLM
sys_occupation_classifications,CP_2021:6.3.3.2,name,en,"Craftsmen in Artistic Handwork of Textiles, Leather and Similar Materials",LLM
sys_occupation_classifications,CP_2021:6.3.4.1,name,en,Prepress Operators,LLM
sys_occupation_classifications,CP_2021:6.3.4.2,name,en,Offset and Rotary Press Printers,LLM
sys_occupation_classifications,CP_2021:6.3.4.3,name,en,"Zincographers, Stereotypers and Electrotypers",LLM
sys_occupation_classifications,CP_2021:6.3.4.4,name,en,"Craft Engravers, Etchers, Screen Printers and Related Professions",LLM
sys_occupation_classifications,CP_2021:6.3.4.5,name,en,Bookbinders and Related Professions,LLM
sys_occupation_classifications,CP_2021:6.4.1.1,name,en,Skilled Farmers and Farm Workers in Field Crops,LLM
sys_occupation_classifications,CP_2021:6.4.1.2,name,en,"Skilled Farmers and Farm Workers in Tree and Vine Crops, Including Vines, Olives, Citrus and Fruit Trees",LLM
sys_occupation_classifications,CP_2021:6.4.1.3,name,en,"Skilled Farmers and Farm Workers in Gardens and Nurseries, Flower and Ornamental Plant Growing, Protected Vegetable Crops and Market Gardens",LLM
sys_occupation_classifications,CP_2021:6.4.1.4,name,en,Skilled Farmers and Farm Workers in Mixed Crop Farming,LLM
sys_occupation_classifications,CP_2021:6.4.2.1,name,en,Skilled Livestock Breeders and Farm Workers in Cattle and Horse Breeding,LLM
sys_occupation_classifications,CP_2021:6.4.2.2,name,en,Skilled Livestock Breeders and Farm Workers in Sheep and Goat Breeding,LLM
sys_occupation_classifications,CP_2021:6.4.2.3,name,en,Skilled Livestock Breeders and Farm Workers in Pig Breeding,LLM
sys_occupation_classifications,CP_2021:6.4.2.4,name,en,Skilled Livestock Breeders and Farm Workers in Poultry Breeding,LLM
sys_occupation_classifications,CP_2021:6.4.2.5,name,en,Skilled Livestock Breeders and Farm Workers in Mixed Livestock Breeding,LLM
sys_occupation_classifications,CP_2021:6.4.2.6,name,en,Skilled Livestock Breeders and Farm Workers in Insect Farming,LLM
sys_occupation_classifications,CP_2021:6.4.2.9,name,en,Other Skilled Livestock Breeders and Farm Workers in Animal Husbandry,LLM
sys_occupation_classifications,CP_2021:6.4.3.1,name,en,Livestock Breeders and Farmers,LLM
sys_occupation_classifications,CP_2021:6.4.4.1,name,en,Skilled Forestry Workers,LLM
sys_occupation_classifications,CP_2021:6.4.5.1,name,en,Aquaculture Workers and Related Professions,LLM
sys_occupation_classifications,CP_2021:6.4.5.2,name,en,Coastal and Inland Water Fishermen,LLM
sys_occupation_classifications,CP_2021:6.4.5.3,name,en,Deep-Sea Fishermen,LLM
sys_occupation_classifications,CP_2021:6.4.5.4,name,en,Hunters,LLM
sys_occupation_classifications,CP_2021:6.5.1.1,name,en,"Butchers, Fishmongers and Related Professions",LLM
sys_occupation_classifications,CP_2021:6.5.1.2,name,en,Craft Bakers and Pasta Makers,LLM
sys_occupation_classifications,CP_2021:6.5.1.3,name,en,"Craft Pastry Chefs, Ice Cream Makers and Preservers",LLM
sys_occupation_classifications,CP_2021:6.5.1.4,name,en,Food and Beverage Tasters and Graders,LLM
sys_occupation_classifications,CP_2021:6.5.1.5,name,en,Craft and Related Workers in Cheese Making,LLM
sys_occupation_classifications,CP_2021:6.5.1.6,name,en,Tobacco Leaf Preparers and Processors,LLM
sys_occupation_classifications,CP_2021:6.5.2.1,name,en,"Craft and Related Workers in Wood Treatment (Steam Bending, Artificial Seasoning, Chemical Treatments)",LLM
sys_occupation_classifications,CP_2021:6.5.2.2,name,en,"Carpenters, Joiners and Woodworking Machine Setters",LLM
sys_occupation_classifications,CP_2021:6.5.2.3,name,en,"Chair Caners, Basket Makers, Brush Makers, Cork Workers and Related Workers",LLM
sys_occupation_classifications,CP_2021:6.5.3.1,name,en,Fibre Preparers,LLM
sys_occupation_classifications,CP_2021:6.5.3.2,name,en,Hand Weavers and Knitters,LLM
sys_occupation_classifications,CP_2021:6.5.3.3,name,en,"Tailors, Dressmakers, Cutters, Pattern Makers and Hatters",LLM
sys_occupation_classifications,CP_2021:6.5.3.4,name,en,"Furriers, Fur Pattern Makers and Related Workers",LLM
sys_occupation_classifications,CP_2021:6.5.3.5,name,en,"Linen Workers, Hand Embroiderers and Related Workers",LLM
sys_occupation_classifications,CP_2021:6.5.3.6,name,en,Upholsterers and Mattress Makers,LLM
sys_occupation_classifications,CP_2021:6.5.3.7,name,en,Craft Workers and Dry-Cleaning and Laundry Workers,LLM
sys_occupation_classifications,CP_2021:6.5.4.1,name,en,Tanners and Fur Dressers,LLM
sys_occupation_classifications,CP_2021:6.5.4.2,name,en,Craft and Related Workers in Footwear Making,LLM
sys_occupation_classifications,CP_2021:6.5.4.3,name,en,Luggage and Handbag Makers and Related Workers,LLM
sys_occupation_classifications,CP_2021:6.5.5.1,name,en,Stage Machinists and Stagehands,LLM
sys_occupation_classifications,CP_2021:7.1.1.1,name,en,Mining and Quarrying Plant Operators,LLM
sys_occupation_classifications,CP_2021:7.1.1.2,name,en,Ore and Stone Primary Processing Plant Operators,LLM
sys_occupation_classifications,CP_2021:7.1.1.3,name,en,"Well Drillers, Borers and Prospecting Operators in Oil and Gas Extraction",LLM
sys_occupation_classifications,CP_2021:7.1.2.1,name,en,"Smelters, Blast-Furnace, Converter and Refining Furnace Operators (Steel Industry)",LLM
sys_occupation_classifications,CP_2021:7.1.2.2,name,en,"Melting Furnace Operators, Metal and Alloy Casters and Rolling-Mill Operators",LLM
sys_occupation_classifications,CP_2021:7.1.2.3,name,en,Metal Heat-Treating Plant Operators,LLM
sys_occupation_classifications,CP_2021:7.1.2.4,name,en,Metal Drawers and Extruders,LLM
sys_occupation_classifications,CP_2021:7.1.2.5,name,en,Non-Ferrous Metal Production and Refining Plant Operators,LLM
sys_occupation_classifications,CP_2021:7.1.3.1,name,en,"Dosing, Mixing and Kneading Plant Operators for Glass, Ceramic and Brick Materials",LLM
sys_occupation_classifications,CP_2021:7.1.3.2,name,en,Kiln and Other Plant Operators for Glass Making,LLM
sys_occupation_classifications,CP_2021:7.1.3.3,name,en,Ceramic and Terracotta Forming Plant Operators,LLM
sys_occupation_classifications,CP_2021:7.1.3.4,name,en,Kiln and Other Plant Operators for Brick and Tile Production,LLM
sys_occupation_classifications,CP_2021:7.1.4.1,name,en,"Wood Panel Mass-Production Plant Operators (Plywood, Chipboard and Related Products)",LLM
sys_occupation_classifications,CP_2021:7.1.4.2,name,en,Wood Pulp and Papermill Raw Material Preparation Plant Operators,LLM
sys_occupation_classifications,CP_2021:7.1.4.3,name,en,Papermaking Plant Operators,LLM
sys_occupation_classifications,CP_2021:7.1.5.1,name,en,Petroleum Product Refining Plant Operators,LLM
sys_occupation_classifications,CP_2021:7.1.5.2,name,en,Basic and Fine Chemicals Processing Plant and Machine Operators,LLM
sys_occupation_classifications,CP_2021:7.1.5.3,name,en,Chemical-Derived Products Manufacturing Machine Operators,LLM
sys_occupation_classifications,CP_2021:7.1.6.1,name,en,Steam Boiler and Thermal Engine Operators in Industrial Plants,LLM
sys_occupation_classifications,CP_2021:7.1.6.2,name,en,Waste Recovery and Recycling and Water Treatment and Distribution Plant Operators,LLM
sys_occupation_classifications,CP_2021:7.1.7.1,name,en,Automated Assembly-Line Operators,LLM
sys_occupation_classifications,CP_2021:7.1.8.1,name,en,Mill and Kneading Machine Operators,LLM
sys_occupation_classifications,CP_2021:7.1.8.2,name,en,Kiln and Similar Plant Operators for Mineral Heat Treatment,LLM
sys_occupation_classifications,CP_2021:7.2.1.1,name,en,Automatic and Semi-Automatic Industrial Machine-Tool Operators,LLM
sys_occupation_classifications,CP_2021:7.2.1.2,name,en,Cement and Related Product Manufacturing Machine Operators,LLM
sys_occupation_classifications,CP_2021:7.2.1.3,name,en,Abrasives and Mineral Abrasive Product Manufacturing Machine Operators,LLM
sys_occupation_classifications,CP_2021:7.2.2.1,name,en,"Metal Finishers, Metal Coaters, Electroplaters and Related Workers",LLM
sys_occupation_classifications,CP_2021:7.2.2.2,name,en,Photographic Product Manufacturing Machine Operators (Film and Related Products),LLM
sys_occupation_classifications,CP_2021:7.2.3.1,name,en,Tyre Assembly and Vulcanising Machine Operators,LLM
sys_occupation_classifications,CP_2021:7.2.3.2,name,en,Rubber Product Manufacturing Machine Operators,LLM
sys_occupation_classifications,CP_2021:7.2.3.3,name,en,Plastic and Related Product Manufacturing Machine Operators,LLM
sys_occupation_classifications,CP_2021:7.2.4.1,name,en,Furniture and Wood Product Mass-Production Machine Operators,LLM
sys_occupation_classifications,CP_2021:7.2.5.1,name,en,Printing Machine Operators for Paper and Cardboard,LLM
sys_occupation_classifications,CP_2021:7.2.5.2,name,en,Paper and Cardboard Product Manufacturing Machine Operators,LLM
sys_occupation_classifications,CP_2021:7.2.5.3,name,en,Bookbinding and Related Machine Operators,LLM
sys_occupation_classifications,CP_2021:7.2.6.1,name,en,Spinning and Winding Machine Operators,LLM
sys_occupation_classifications,CP_2021:7.2.6.2,name,en,Weaving and Knitting Machine Operators,LLM
sys_occupation_classifications,CP_2021:7.2.6.3,name,en,Industrial Garment Manufacturing Machine Operators,LLM
sys_occupation_classifications,CP_2021:7.2.6.4,name,en,Yarn and Industrial Fabric Treatment Machine Operators,LLM
sys_occupation_classifications,CP_2021:7.2.6.5,name,en,Textile Printing Machine Operators,LLM
sys_occupation_classifications,CP_2021:7.2.6.6,name,en,Industrial Machine Operators for Leather and Fur Product Preparation and Mass Production,LLM
sys_occupation_classifications,CP_2021:7.2.6.7,name,en,Footwear Mass-Production Machine Operators,LLM
sys_occupation_classifications,CP_2021:7.2.6.9,name,en,"Other Textile, Garment and Related Industry Machine Operators",LLM
sys_occupation_classifications,CP_2021:7.2.7.1,name,en,Mass-Production Assemblers of Machine Parts,LLM
sys_occupation_classifications,CP_2021:7.2.7.2,name,en,Electrical Equipment Assemblers and Wirers,LLM
sys_occupation_classifications,CP_2021:7.2.7.3,name,en,Electronic and Telecommunications Equipment Assemblers and Wirers,LLM
sys_occupation_classifications,CP_2021:7.2.7.4,name,en,"Mass-Production Assemblers of Metal, Rubber and Plastic Products",LLM
sys_occupation_classifications,CP_2021:7.2.7.5,name,en,Mass-Production Assemblers of Wood and Related Products,LLM
sys_occupation_classifications,CP_2021:7.2.7.6,name,en,"Mass-Production Assemblers of Cardboard, Fabric and Related Products",LLM
sys_occupation_classifications,CP_2021:7.2.7.9,name,en,Other Mass-Production Assemblers of Industrial Products,LLM
sys_occupation_classifications,CP_2021:7.2.8.1,name,en,Industrial Product Packaging Machine Operators,LLM
sys_occupation_classifications,CP_2021:7.3.1.1,name,en,Stationary Plant Operators in Agriculture and Livestock Farming,LLM
sys_occupation_classifications,CP_2021:7.3.1.2,name,en,Olive-Processing Plant Operators,LLM
sys_occupation_classifications,CP_2021:7.3.1.3,name,en,"Milk Cooling, Hygienic Treatment and Primary Processing Operators",LLM
sys_occupation_classifications,CP_2021:7.3.2.1,name,en,Meat and Fish Processing and Preserving Machine Operators,LLM
sys_occupation_classifications,CP_2021:7.3.2.2,name,en,Dairy Product Industrial Processing Machine Operators,LLM
sys_occupation_classifications,CP_2021:7.3.2.3,name,en,Industrial Machine Operators for Grain and Spice Processing and Cereal-Based Products (Pasta and Related Products),LLM
sys_occupation_classifications,CP_2021:7.3.2.4,name,en,"Fruit, Nut, Vegetable, Legume and Rice Treatment and Preserving Machine Operators",LLM
sys_occupation_classifications,CP_2021:7.3.2.5,name,en,Sugar Production and Refining Machine Operators,LLM
sys_occupation_classifications,CP_2021:7.3.2.6,name,en,"Tea, Coffee, Cocoa and Chocolate Preparation and Production Machine Operators",LLM
sys_occupation_classifications,CP_2021:7.3.2.7,name,en,Tobacco Product Processing Machine Operators,LLM
sys_occupation_classifications,CP_2021:7.3.2.8,name,en,"Industrial Winemakers, Brewers and Machine Operators for Spirits and Soft and Carbonated Drink Preparation",LLM
sys_occupation_classifications,CP_2021:7.3.2.9,name,en,Confectionery and Bakery Product Manufacturing Machine Operators,LLM
sys_occupation_classifications,CP_2021:7.4.1.1,name,en,Train Drivers,LLM
sys_occupation_classifications,CP_2021:7.4.1.2,name,en,"Train Inspection, Dispatching and Shunting Operators",LLM
sys_occupation_classifications,CP_2021:7.4.1.3,name,en,Cableway Operators,LLM
sys_occupation_classifications,CP_2021:7.4.2.1,name,en,"Taxi Drivers and Car, Van and Other Passenger Vehicle Drivers",LLM
sys_occupation_classifications,CP_2021:7.4.2.2,name,en,"Bus, Tram and Trolleybus Drivers",LLM
sys_occupation_classifications,CP_2021:7.4.2.3,name,en,Heavy Vehicle and Truck Drivers,LLM
sys_occupation_classifications,CP_2021:7.4.2.4,name,en,Animal-Drawn Vehicle Drivers,LLM
sys_occupation_classifications,CP_2021:7.4.3.1,name,en,Agricultural Tractor Drivers,LLM
sys_occupation_classifications,CP_2021:7.4.3.2,name,en,"Agricultural Harvester, Reaper, Chopper and Baler Operators",LLM
sys_occupation_classifications,CP_2021:7.4.3.3,name,en,Forestry Machinery Operators,LLM
sys_occupation_classifications,CP_2021:7.4.4.1,name,en,Earth-Moving Machinery Operators,LLM
sys_occupation_classifications,CP_2021:7.4.4.2,name,en,Mobile Construction Drilling Machinery Operators,LLM
sys_occupation_classifications,CP_2021:7.4.4.3,name,en,Crane and Lifting Equipment Operators,LLM
sys_occupation_classifications,CP_2021:7.4.4.4,name,en,Forklift Truck Operators,LLM
sys_occupation_classifications,CP_2021:7.4.5.1,name,en,Deck Crew,LLM
sys_occupation_classifications,CP_2021:7.4.5.2,name,en,Ship's Boiler and Other Shipboard Equipment Operators,LLM
sys_occupation_classifications,CP_2021:7.4.5.3,name,en,Motorboat Operators,LLM
sys_occupation_classifications,CP_2021:8.1.1.1,name,en,Street and Door-to-Door Sellers of Goods,LLM
sys_occupation_classifications,CP_2021:8.1.1.2,name,en,Street and Door-to-Door Sellers of Services,LLM
sys_occupation_classifications,CP_2021:8.1.2.1,name,en,Ushers and Related Workers,LLM
sys_occupation_classifications,CP_2021:8.1.2.2,name,en,"Meter Readers, Coin Collectors and Related Workers",LLM
sys_occupation_classifications,CP_2021:8.1.3.1,name,en,"Porters, Freight Handlers and Related Workers",LLM
sys_occupation_classifications,CP_2021:8.1.3.2,name,en,Unskilled Packaging and Warehouse Workers,LLM
sys_occupation_classifications,CP_2021:8.1.3.3,name,en,Delivery Workers,LLM
sys_occupation_classifications,CP_2021:8.1.4.1,name,en,Unskilled Cleaning Staff in Accommodation Services and on Ships,LLM
sys_occupation_classifications,CP_2021:8.1.4.2,name,en,Unskilled Catering Service Staff,LLM
sys_occupation_classifications,CP_2021:8.1.4.3,name,en,Unskilled Cleaning Staff in Offices and Commercial Premises,LLM
sys_occupation_classifications,CP_2021:8.1.4.4,name,en,Vehicle Washers,LLM
sys_occupation_classifications,CP_2021:8.1.4.5,name,en,Refuse Collectors and Other Waste Collection and Sorting Workers,LLM
sys_occupation_classifications,CP_2021:8.1.5.1,name,en,School Caretakers and Related Workers,LLM
sys_occupation_classifications,CP_2021:8.1.5.2,name,en,Hospital Orderlies and Related Workers,LLM
sys_occupation_classifications,CP_2021:8.1.6.1,name,en,"Unskilled Building, Equipment and Property Caretaking Staff",LLM
sys_occupation_classifications,CP_2021:8.2.1.1,name,en,Unskilled Recreational and Cultural Service Staff,LLM
sys_occupation_classifications,CP_2021:8.2.2.1,name,en,Domestic Helpers and Related Workers,LLM
sys_occupation_classifications,CP_2021:8.3.1.1,name,en,Agricultural Labourers,LLM
sys_occupation_classifications,CP_2021:8.3.1.2,name,en,Unskilled Groundskeeping and Landscape Maintenance Workers,LLM
sys_occupation_classifications,CP_2021:8.3.2.1,name,en,Unskilled Forestry Workers,LLM
sys_occupation_classifications,CP_2021:8.3.2.2,name,en,Unskilled Animal Care Workers,LLM
sys_occupation_classifications,CP_2021:8.3.2.3,name,en,Unskilled Fishing and Hunting Workers,LLM
sys_occupation_classifications,CP_2021:8.4.1.1,name,en,Labourers and Other Unskilled Workers in Mining and Quarrying,LLM
sys_occupation_classifications,CP_2021:8.4.2.1,name,en,Labourers and Unskilled Workers in Civil Construction and Related Occupations,LLM
sys_occupation_classifications,CP_2021:8.4.2.2,name,en,"Labourers and Unskilled Workers in the Construction and Maintenance of Roads, Dams and Other Public Works",LLM
sys_occupation_classifications,CP_2021:8.4.3.1,name,en,Unskilled Workers in Industrial Activities and Related Occupations,LLM
sys_occupation_classifications,CP_2021:9.1.1.1,name,en,Armed Forces Officers,LLM
sys_occupation_classifications,CP_2021:9.2.1.1,name,en,Armed Forces Non-Commissioned Officers,LLM
sys_occupation_classifications,CP_2021:9.3.1.1,name,en,Armed Forces Other Ranks,LLM
sys_occupation_classifications,CP_2021:1.1.1.1.1,name,en,Members of National Government Bodies and Legislative Assemblies with Legislative and Regulatory Power,LLM
sys_occupation_classifications,CP_2021:1.1.1.1.2,name,en,Members of Independent Authorities with Regulatory Power,LLM
sys_occupation_classifications,CP_2021:1.1.1.2.0,name,en,Members of Regional and Autonomous Province Government Bodies and Assemblies with Legislative and Regulatory Power,LLM
sys_occupation_classifications,CP_2021:1.1.1.3.0,name,en,Members of Provincial and Metropolitan City Government Bodies and Assemblies with Regulatory Power,LLM
sys_occupation_classifications,CP_2021:1.1.1.4.0,name,en,Members of Sub-Provincial and Municipal Government Bodies and Assemblies with Regulatory Power,LLM
sys_occupation_classifications,CP_2021:1.1.2.1.0,name,en,"Ambassadors, Plenipotentiary Ministers and Senior Diplomatic Officials",LLM
sys_occupation_classifications,CP_2021:1.1.2.2.1,name,en,"Prefects, Deputy Prefects and Senior Prefectural Officials",LLM
sys_occupation_classifications,CP_2021:1.1.2.2.2,name,en,Public Security Officials,LLM
sys_occupation_classifications,CP_2021:1.1.2.3.1,name,en,"Directors-General, Departmental Directors and Equivalent in State Administrations and Non-Economic Public Bodies",LLM
sys_occupation_classifications,CP_2021:1.1.2.3.2,name,en,University Rectors and Directors of Higher Education Institutions and Research Bodies,LLM
sys_occupation_classifications,CP_2021:1.1.2.3.3,name,en,Directors-General and Equivalent in Healthcare,LLM
sys_occupation_classifications,CP_2021:1.1.2.3.4,name,en,"Directors-General and Equivalent in Regions, Autonomous Provinces and Local Authorities",LLM
sys_occupation_classifications,CP_2021:1.1.2.3.5,name,en,Superintendents of National Cultural Heritage,LLM
sys_occupation_classifications,CP_2021:1.1.2.4.1,name,en,Administrative Executives,LLM
sys_occupation_classifications,CP_2021:1.1.2.4.2,name,en,Technical and Professional Executives,LLM
sys_occupation_classifications,CP_2021:1.1.2.4.3,name,en,Healthcare Executives,LLM
sys_occupation_classifications,CP_2021:1.1.2.4.4,name,en,Executives of Health Professions,LLM
sys_occupation_classifications,CP_2021:1.1.2.4.5,name,en,School Principals and Equivalent,LLM
sys_occupation_classifications,CP_2021:1.1.2.4.6,name,en,Municipal and Provincial Secretaries,LLM
sys_occupation_classifications,CP_2021:1.1.3.1.0,name,en,"Judges with Senior Managerial, Policy-Setting and Coordination Functions",LLM
sys_occupation_classifications,CP_2021:1.1.4.1.1,name,en,Executives of Political Parties and Movements,LLM
sys_occupation_classifications,CP_2021:1.1.4.1.2,name,en,Executives of Trade Unions and Other Organisations Protecting Economic and Social Interests,LLM
sys_occupation_classifications,CP_2021:1.1.4.2.0,name,en,"Executives of Humanitarian, Cultural, Scientific and Sports Associations of National or Supranational Interest",LLM
sys_occupation_classifications,CP_2021:1.2.1.1.0,name,en,"Entrepreneurs and Administrators of Large Enterprises in Agriculture, Livestock Farming, Forestry, Hunting and Fishing",LLM
sys_occupation_classifications,CP_2021:1.2.1.2.1,name,en,Entrepreneurs and Administrators of Large Enterprises in Manufacturing and Mineral Extraction,LLM
sys_occupation_classifications,CP_2021:1.2.1.2.2,name,en,"Entrepreneurs and Administrators of Large Enterprises in Electricity, Gas and Water Production and Distribution and Waste Management",LLM
sys_occupation_classifications,CP_2021:1.2.1.3.0,name,en,Entrepreneurs and Administrators of Large Construction Enterprises,LLM
sys_occupation_classifications,CP_2021:1.2.1.4.1,name,en,Entrepreneurs and Administrators of Large Enterprises in Motor Vehicle and Motorcycle Trade and Repair,LLM
sys_occupation_classifications,CP_2021:1.2.1.4.2,name,en,Entrepreneurs and Administrators of Large Enterprises in Goods Trade (Excluding Motor Vehicles and Motorcycles),LLM
sys_occupation_classifications,CP_2021:1.2.1.5.0,name,en,Entrepreneurs and Administrators of Large Enterprises in Accommodation and Food Service Activities,LLM
sys_occupation_classifications,CP_2021:1.2.1.6.1,name,en,Entrepreneurs and Administrators of Large Enterprises in Transportation and Warehousing,LLM
sys_occupation_classifications,CP_2021:1.2.1.6.2,name,en,"Entrepreneurs and Administrators of Large Enterprises in Publishing, Film, Radio and Television Production Services",LLM
sys_occupation_classifications,CP_2021:1.2.1.6.3,name,en,Entrepreneurs and Administrators of Large Enterprises in IT and Telecommunications Services,LLM
sys_occupation_classifications,CP_2021:1.2.1.7.0,name,en,"Entrepreneurs and Administrators of Large Banks, Insurance Companies, Real Estate Agencies and Financial Intermediation Firms",LLM
sys_occupation_classifications,CP_2021:1.2.1.8.0,name,en,Entrepreneurs and Administrators of Large Enterprises in Business and Personal Services,LLM
sys_occupation_classifications,CP_2021:1.2.1.9.1,name,en,"Entrepreneurs and Administrators of Large Private Schools, Universities and Research Institutes",LLM
sys_occupation_classifications,CP_2021:1.2.1.9.2,name,en,"Entrepreneurs and Administrators of Large Hospitals, Private Clinics and Large Social Assistance Enterprises",LLM
sys_occupation_classifications,CP_2021:1.2.1.9.3,name,en,"Entrepreneurs and Administrators of Large Enterprises in Sports, Recreational and Entertainment Activities",LLM
sys_occupation_classifications,CP_2021:1.2.2.1.0,name,en,"Directors and General Managers of Enterprises in Agriculture, Livestock Farming, Forestry, Hunting and Fishing",LLM
sys_occupation_classifications,CP_2021:1.2.2.2.1,name,en,Directors and General Managers of Enterprises in Manufacturing and Mineral Extraction,LLM
sys_occupation_classifications,CP_2021:1.2.2.2.2,name,en,"Directors and General Managers of Enterprises in Electricity, Gas and Water Production and Distribution and Waste Management",LLM
sys_occupation_classifications,CP_2021:1.2.2.3.0,name,en,Directors and General Managers of Construction Enterprises,LLM
sys_occupation_classifications,CP_2021:1.2.2.4.1,name,en,Directors and General Managers of Enterprises in Motor Vehicle and Motorcycle Trade and Repair,LLM
sys_occupation_classifications,CP_2021:1.2.2.4.2,name,en,Directors and General Managers of Enterprises in Goods Trade (Excluding Motor Vehicles and Motorcycles),LLM
sys_occupation_classifications,CP_2021:1.2.2.5.0,name,en,Directors and General Managers of Enterprises in Accommodation and Food Service Activities,LLM
sys_occupation_classifications,CP_2021:1.2.2.6.1,name,en,Directors and General Managers of Enterprises in Transportation and Warehousing,LLM
sys_occupation_classifications,CP_2021:1.2.2.6.2,name,en,"Directors and General Managers of Enterprises in Publishing, Film, Radio and Television Production Services",LLM
sys_occupation_classifications,CP_2021:1.2.2.6.3,name,en,Directors and General Managers of Enterprises in IT and Telecommunications Services,LLM
sys_occupation_classifications,CP_2021:1.2.2.7.0,name,en,"Directors and General Managers of Banks, Insurance Companies, Real Estate Agencies and Financial Intermediation Firms",LLM
sys_occupation_classifications,CP_2021:1.2.2.8.0,name,en,Directors and General Managers of Enterprises in Business and Personal Services,LLM
sys_occupation_classifications,CP_2021:1.2.2.9.0,name,en,"Directors and General Managers of Enterprises in Sports, Recreational and Entertainment Activities",LLM
sys_occupation_classifications,CP_2021:1.2.3.1.0,name,en,Finance and Administration Directors and Managers,LLM
sys_occupation_classifications,CP_2021:1.2.3.2.0,name,en,"Organisation, Human Resources and Industrial Relations Directors and Managers",LLM
sys_occupation_classifications,CP_2021:1.2.3.3.0,name,en,Sales and Marketing Directors and Managers,LLM
sys_occupation_classifications,CP_2021:1.2.3.4.0,name,en,"Communication, Advertising and Public Relations Directors and Managers",LLM
sys_occupation_classifications,CP_2021:1.2.3.5.0,name,en,Procurement and Distribution Directors and Managers,LLM
sys_occupation_classifications,CP_2021:1.2.3.6.0,name,en,IT Services Directors and Managers,LLM
sys_occupation_classifications,CP_2021:1.2.3.7.0,name,en,Research and Development Directors and Managers,LLM
sys_occupation_classifications,CP_2021:1.2.3.8.0,name,en,Planning and Policy Directors and Managers,LLM
sys_occupation_classifications,CP_2021:1.3.1.1.0,name,en,"Entrepreneurs and Managers of Small Enterprises in Agriculture, Livestock Farming, Forestry, Hunting and Fishing",LLM
sys_occupation_classifications,CP_2021:1.3.1.2.1,name,en,Entrepreneurs and Managers of Small Enterprises in Manufacturing and Mineral Extraction,LLM
sys_occupation_classifications,CP_2021:1.3.1.2.2,name,en,"Entrepreneurs and Managers of Small Enterprises in Electricity, Gas and Water Production and Distribution and Waste Management",LLM
sys_occupation_classifications,CP_2021:1.3.1.3.0,name,en,Entrepreneurs and Managers of Small Construction Enterprises,LLM
sys_occupation_classifications,CP_2021:1.3.1.4.0,name,en,Entrepreneurs and Managers of Small Enterprises in Trade,LLM
sys_occupation_classifications,CP_2021:1.3.1.5.0,name,en,"Entrepreneurs and Managers of Small Hotels, Accommodation or Camping Sites and Small Restaurants",LLM
sys_occupation_classifications,CP_2021:1.3.1.6.1,name,en,Entrepreneurs and Managers of Small Enterprises in Transportation and Storage,LLM
sys_occupation_classifications,CP_2021:1.3.1.6.2,name,en,"Entrepreneurs and Managers of Small Enterprises in Publishing, Film, Radio and Television Production Services",LLM
sys_occupation_classifications,CP_2021:1.3.1.6.3,name,en,Entrepreneurs and Managers of Small Enterprises in IT and Telecommunications Services,LLM
sys_occupation_classifications,CP_2021:1.3.1.7.0,name,en,"Entrepreneurs and Managers of Small Credit Institutions and Financial, Insurance and Real Estate Intermediation Firms",LLM
sys_occupation_classifications,CP_2021:1.3.1.8.0,name,en,Entrepreneurs and Managers of Small Enterprises in Business and Personal Services,LLM
sys_occupation_classifications,CP_2021:1.3.1.9.1,name,en,"Entrepreneurs and Managers of Small Enterprises in Education, Training and Research Services",LLM
sys_occupation_classifications,CP_2021:1.3.1.9.2,name,en,Entrepreneurs and Managers of Small Enterprises in Health and Social Care Services,LLM
sys_occupation_classifications,CP_2021:1.3.1.9.3,name,en,"Entrepreneurs and Managers of Small Enterprises in Sports, Recreational, Entertainment and Amusement Activities",LLM
sys_occupation_classifications,CP_2021:2.1.1.1.1,name,en,Physicists,LLM
sys_occupation_classifications,CP_2021:2.1.1.1.2,name,en,Astronomers and Astrophysicists,LLM
sys_occupation_classifications,CP_2021:2.1.1.2.1,name,en,Chemists and Related Professionals,LLM
sys_occupation_classifications,CP_2021:2.1.1.2.2,name,en,Chemistry Science Communicators and Popularisers,LLM
sys_occupation_classifications,CP_2021:2.1.1.3.1,name,en,Mathematicians,LLM
sys_occupation_classifications,CP_2021:2.1.1.3.2,name,en,Statisticians and Data Analysts,LLM
sys_occupation_classifications,CP_2021:2.1.1.4.1,name,en,Geologists,LLM
sys_occupation_classifications,CP_2021:2.1.1.4.2,name,en,Palaeontologists,LLM
sys_occupation_classifications,CP_2021:2.1.1.4.3,name,en,Geophysicists,LLM
sys_occupation_classifications,CP_2021:2.1.1.4.4,name,en,Meteorologists,LLM
sys_occupation_classifications,CP_2021:2.1.1.4.5,name,en,Hydrologists,LLM
sys_occupation_classifications,CP_2021:2.2.1.1.1,name,en,Mechanical Engineers,LLM
sys_occupation_classifications,CP_2021:2.2.1.1.2,name,en,Naval Engineers,LLM
sys_occupation_classifications,CP_2021:2.2.1.1.3,name,en,Aerospace and Astronautical Engineers,LLM
sys_occupation_classifications,CP_2021:2.2.1.1.4,name,en,Energy and Nuclear Engineers,LLM
sys_occupation_classifications,CP_2021:2.2.1.2.1,name,en,Metallurgical Engineers,LLM
sys_occupation_classifications,CP_2021:2.2.1.2.2,name,en,Mining Engineers,LLM
sys_occupation_classifications,CP_2021:2.2.1.3.0,name,en,Electrical Engineers,LLM
sys_occupation_classifications,CP_2021:2.2.1.4.1,name,en,Electronics Engineers,LLM
sys_occupation_classifications,CP_2021:2.2.1.4.2,name,en,Hardware Design Engineers,LLM
sys_occupation_classifications,CP_2021:2.2.1.4.3,name,en,Telecommunications Engineers,LLM
sys_occupation_classifications,CP_2021:2.2.1.4.4,name,en,Automation Engineers,LLM
sys_occupation_classifications,CP_2021:2.2.1.5.1,name,en,Chemical and Petroleum Engineers,LLM
sys_occupation_classifications,CP_2021:2.2.1.5.2,name,en,Materials Engineers,LLM
sys_occupation_classifications,CP_2021:2.2.1.6.1,name,en,Civil and Environmental Engineers,LLM
sys_occupation_classifications,CP_2021:2.2.1.6.2,name,en,Hydraulic Engineers,LLM
sys_occupation_classifications,CP_2021:2.2.1.7.0,name,en,Industrial and Management Engineers,LLM
sys_occupation_classifications,CP_2021:2.2.1.8.0,name,en,Biomedical Engineers and Bioengineers,LLM
sys_occupation_classifications,CP_2021:2.2.2.1.1,name,en,Architects,LLM
sys_occupation_classifications,CP_2021:2.2.2.1.2,name,en,"Planners, Landscape Architects and Land Restoration and Conservation Specialists",LLM
sys_occupation_classifications,CP_2021:2.2.2.2.0,name,en,"Cartographers, Photogrammetrists and Geographic Information Systems Specialists",LLM
sys_occupation_classifications,CP_2021:2.3.1.1.1,name,en,Biologists and Related Professionals,LLM
sys_occupation_classifications,CP_2021:2.3.1.1.2,name,en,Biochemists,LLM
sys_occupation_classifications,CP_2021:2.3.1.1.3,name,en,Biophysicists,LLM
sys_occupation_classifications,CP_2021:2.3.1.1.4,name,en,Biotechnologists,LLM
sys_occupation_classifications,CP_2021:2.3.1.1.5,name,en,Botanists,LLM
sys_occupation_classifications,CP_2021:2.3.1.1.6,name,en,Zoologists,LLM
sys_occupation_classifications,CP_2021:2.3.1.1.7,name,en,Ecologists,LLM
sys_occupation_classifications,CP_2021:2.3.1.1.8,name,en,Food Technologists,LLM
sys_occupation_classifications,CP_2021:2.3.1.2.1,name,en,Pharmacologists and Related Professionals,LLM
sys_occupation_classifications,CP_2021:2.3.1.2.2,name,en,Microbiologists,LLM
sys_occupation_classifications,CP_2021:2.3.1.3.0,name,en,Agronomists and Forestry Specialists,LLM
sys_occupation_classifications,CP_2021:2.3.1.4.0,name,en,Veterinarians,LLM
sys_occupation_classifications,CP_2021:2.3.1.5.0,name,en,Pharmacists,LLM
sys_occupation_classifications,CP_2021:2.4.1.1.0,name,en,General Practitioners,LLM
sys_occupation_classifications,CP_2021:2.4.1.2.0,name,en,Medical Specialists,LLM
sys_occupation_classifications,CP_2021:2.4.1.3.0,name,en,Surgical Specialists,LLM
sys_occupation_classifications,CP_2021:2.4.1.4.0,name,en,Clinical Laboratory Scientists and Pathologists,LLM
sys_occupation_classifications,CP_2021:2.4.1.5.0,name,en,Dentists and Stomatologists,LLM
sys_occupation_classifications,CP_2021:2.4.1.6.0,name,en,Diagnostic Imaging and Radiotherapy Specialists,LLM
sys_occupation_classifications,CP_2021:2.4.1.7.1,name,en,Nutrition and Hygiene Specialists,LLM
sys_occupation_classifications,CP_2021:2.4.1.7.2,name,en,Social and Occupational Medicine Specialists,LLM
sys_occupation_classifications,CP_2021:2.4.1.7.3,name,en,Epidemiologists,LLM
sys_occupation_classifications,CP_2021:2.4.1.8.0,name,en,Anaesthetists and Intensive Care Specialists,LLM
sys_occupation_classifications,CP_2021:2.5.1.1.1,name,en,Public Administration Management Specialists,LLM
sys_occupation_classifications,CP_2021:2.5.1.1.2,name,en,Public Administration Audit and Control Specialists,LLM
sys_occupation_classifications,CP_2021:2.5.1.1.3,name,en,Public Security Specialists,LLM
sys_occupation_classifications,CP_2021:2.5.1.2.0,name,en,Management and Control Specialists in Private Enterprises,LLM
sys_occupation_classifications,CP_2021:2.5.1.3.1,name,en,Human Resources Specialists,LLM
sys_occupation_classifications,CP_2021:2.5.1.3.2,name,en,Work Organisation Specialists,LLM
sys_occupation_classifications,CP_2021:2.5.1.4.1,name,en,Accounting Specialists,LLM
sys_occupation_classifications,CP_2021:2.5.1.4.2,name,en,Tax Specialists and Tax Advisors,LLM
sys_occupation_classifications,CP_2021:2.5.1.4.3,name,en,Financial Specialists,LLM
sys_occupation_classifications,CP_2021:2.5.1.5.1,name,en,Procurement Specialists,LLM
sys_occupation_classifications,CP_2021:2.5.1.5.2,name,en,Marketing and Sales Specialists (Excluding ICT),LLM
sys_occupation_classifications,CP_2021:2.5.1.5.3,name,en,ICT Marketing and Sales Specialists,LLM
sys_occupation_classifications,CP_2021:2.5.1.5.4,name,en,Market Analysts,LLM
sys_occupation_classifications,CP_2021:2.5.1.6.0,name,en,Public Relations and Image Specialists and Related Professionals,LLM
sys_occupation_classifications,CP_2021:2.5.2.1.0,name,en,Lawyers,LLM
sys_occupation_classifications,CP_2021:2.5.2.2.1,name,en,Corporate Legal Experts,LLM
sys_occupation_classifications,CP_2021:2.5.2.2.2,name,en,Legal Experts in Public Bodies,LLM
sys_occupation_classifications,CP_2021:2.5.2.3.0,name,en,Notaries,LLM
sys_occupation_classifications,CP_2021:2.5.2.4.0,name,en,Judges and Magistrates,LLM
sys_occupation_classifications,CP_2021:2.5.3.1.1,name,en,Economic Systems Specialists,LLM
sys_occupation_classifications,CP_2021:2.5.3.1.2,name,en,Business Economics Specialists,LLM
sys_occupation_classifications,CP_2021:2.5.3.2.1,name,en,"Specialists in the Study, Management and Analysis of Social Phenomena",LLM
sys_occupation_classifications,CP_2021:2.5.3.2.2,name,en,Anthropologists,LLM
sys_occupation_classifications,CP_2021:2.5.3.2.3,name,en,Geographers,LLM
sys_occupation_classifications,CP_2021:2.5.3.2.4,name,en,Archaeologists,LLM
sys_occupation_classifications,CP_2021:2.5.3.3.1,name,en,Clinical Psychologists and Psychotherapists,LLM
sys_occupation_classifications,CP_2021:2.5.3.3.2,name,en,Developmental and Educational Psychologists,LLM
sys_occupation_classifications,CP_2021:2.5.3.3.3,name,en,Work and Organisational Psychologists,LLM
sys_occupation_classifications,CP_2021:2.5.3.4.1,name,en,Historians,LLM
sys_occupation_classifications,CP_2021:2.5.3.4.2,name,en,Art Experts,LLM
sys_occupation_classifications,CP_2021:2.5.3.4.3,name,en,Political Science Specialists,LLM
sys_occupation_classifications,CP_2021:2.5.3.4.4,name,en,Philosophers,LLM
sys_occupation_classifications,CP_2021:2.5.3.5.0,name,en,Pedagogy Specialists,LLM
sys_occupation_classifications,CP_2021:2.5.4.1.1,name,en,Writers and Poets,LLM
sys_occupation_classifications,CP_2021:2.5.4.1.2,name,en,Dialogue Writers and Songwriters,LLM
sys_occupation_classifications,CP_2021:2.5.4.1.3,name,en,Advertising Copywriters,LLM
sys_occupation_classifications,CP_2021:2.5.4.1.4,name,en,Technical Writers,LLM
sys_occupation_classifications,CP_2021:2.5.4.2.0,name,en,Journalists,LLM
sys_occupation_classifications,CP_2021:2.5.4.3.0,name,en,Senior Interpreters and Translators,LLM
sys_occupation_classifications,CP_2021:2.5.4.4.1,name,en,Linguists and Philologists,LLM
sys_occupation_classifications,CP_2021:2.5.4.4.2,name,en,Editors and Proofreaders,LLM
sys_occupation_classifications,CP_2021:2.5.4.5.1,name,en,Archivists and Digital Document Conservators,LLM
sys_occupation_classifications,CP_2021:2.5.4.5.2,name,en,Librarians,LLM
sys_occupation_classifications,CP_2021:2.5.4.5.3,name,en,Museum Curators and Conservators,LLM
sys_occupation_classifications,CP_2021:2.5.5.1.1,name,en,Painters and Sculptors,LLM
sys_occupation_classifications,CP_2021:2.5.5.1.2,name,en,Artistic Designers and Illustrators,LLM
sys_occupation_classifications,CP_2021:2.5.5.1.3,name,en,Fashion Designers,LLM
sys_occupation_classifications,CP_2021:2.5.5.1.4,name,en,Commercial Artists (Excluding Fashion),LLM
sys_occupation_classifications,CP_2021:2.5.5.2.1,name,en,Film and Stage Directors,LLM
sys_occupation_classifications,CP_2021:2.5.5.2.2,name,en,Actors,LLM
sys_occupation_classifications,CP_2021:2.5.5.2.3,name,en,Artistic Directors,LLM
sys_occupation_classifications,CP_2021:2.5.5.2.4,name,en,Screenwriters,LLM
sys_occupation_classifications,CP_2021:2.5.5.2.5,name,en,Set Designers,LLM
sys_occupation_classifications,CP_2021:2.5.5.3.1,name,en,Choreographers,LLM
sys_occupation_classifications,CP_2021:2.5.5.3.2,name,en,Dancers,LLM
sys_occupation_classifications,CP_2021:2.5.5.4.1,name,en,Composers,LLM
sys_occupation_classifications,CP_2021:2.5.5.4.2,name,en,Orchestra and Choir Conductors,LLM
sys_occupation_classifications,CP_2021:2.5.5.4.3,name,en,Instrumental Musicians,LLM
sys_occupation_classifications,CP_2021:2.5.5.4.4,name,en,Singers,LLM
sys_occupation_classifications,CP_2021:2.5.5.5.1,name,en,Folk and Popular Culture Artists,LLM
sys_occupation_classifications,CP_2021:2.5.5.5.2,name,en,Variety Artists,LLM
sys_occupation_classifications,CP_2021:2.5.5.5.3,name,en,Acrobats and Circus Artists,LLM
sys_occupation_classifications,CP_2021:2.5.5.6.1,name,en,Cultural Heritage Restorers,LLM
sys_occupation_classifications,CP_2021:2.5.5.6.2,name,en,Cultural Heritage Conservation Specialists,LLM
sys_occupation_classifications,CP_2021:2.5.6.1.0,name,en,Religious and Theological Specialists,LLM
sys_occupation_classifications,CP_2021:2.6.1.1.1,name,en,University Professors of Mathematical and Information Sciences,LLM
sys_occupation_classifications,CP_2021:2.6.1.1.2,name,en,University Professors of Physical Sciences,LLM
sys_occupation_classifications,CP_2021:2.6.1.1.3,name,en,University Professors of Chemical and Pharmaceutical Sciences,LLM
sys_occupation_classifications,CP_2021:2.6.1.1.4,name,en,University Professors of Earth Sciences,LLM
sys_occupation_classifications,CP_2021:2.6.1.2.1,name,en,University Professors of Biological Sciences,LLM
sys_occupation_classifications,CP_2021:2.6.1.2.2,name,en,"University Professors of Agricultural, Zootechnical and Animal Production Sciences",LLM
sys_occupation_classifications,CP_2021:2.6.1.2.3,name,en,University Professors of Medical Sciences,LLM
sys_occupation_classifications,CP_2021:2.6.1.3.1,name,en,University Professors of Civil Engineering and Architectural Sciences,LLM
sys_occupation_classifications,CP_2021:2.6.1.3.2,name,en,University Professors of Industrial and Information Engineering Sciences,LLM
sys_occupation_classifications,CP_2021:2.6.1.4.0,name,en,"University Professors of Classical Antiquity, Philological-Literary and Historical-Artistic Sciences",LLM
sys_occupation_classifications,CP_2021:2.6.1.5.1,name,en,University Professors of Historical and Philosophical Sciences,LLM
sys_occupation_classifications,CP_2021:2.6.1.5.2,name,en,University Professors of Pedagogical and Psychological Sciences,LLM
sys_occupation_classifications,CP_2021:2.6.1.6.0,name,en,University Professors of Economic and Statistical Sciences,LLM
sys_occupation_classifications,CP_2021:2.6.1.7.1,name,en,University Professors of Legal Sciences,LLM
sys_occupation_classifications,CP_2021:2.6.1.7.2,name,en,University Professors of Political and Social Sciences,LLM
sys_occupation_classifications,CP_2021:2.6.2.1.1,name,en,Researchers and Graduate Technicians in Mathematical and Information Sciences,LLM
sys_occupation_classifications,CP_2021:2.6.2.1.2,name,en,Researchers and Graduate Technicians in Physical Sciences,LLM
sys_occupation_classifications,CP_2021:2.6.2.1.3,name,en,Researchers and Graduate Technicians in Chemical and Pharmaceutical Sciences,LLM
sys_occupation_classifications,CP_2021:2.6.2.1.4,name,en,Researchers and Graduate Technicians in Earth Sciences,LLM
sys_occupation_classifications,CP_2021:2.6.2.2.1,name,en,Researchers and Graduate Technicians in Biological Sciences,LLM
sys_occupation_classifications,CP_2021:2.6.2.2.2,name,en,"Researchers and Graduate Technicians in Agricultural, Zootechnical and Animal Production Sciences",LLM
sys_occupation_classifications,CP_2021:2.6.2.2.3,name,en,Researchers and Graduate Technicians in Medical Sciences,LLM
sys_occupation_classifications,CP_2021:2.6.2.3.1,name,en,Researchers and Graduate Technicians in Civil Engineering and Architectural Sciences,LLM
sys_occupation_classifications,CP_2021:2.6.2.3.2,name,en,Researchers and Graduate Technicians in Industrial and Information Engineering Sciences,LLM
sys_occupation_classifications,CP_2021:2.6.2.4.0,name,en,"Researchers and Graduate Technicians in Classical Antiquity, Philological-Literary and Historical-Artistic Sciences",LLM
sys_occupation_classifications,CP_2021:2.6.2.5.1,name,en,Researchers and Graduate Technicians in Historical and Philosophical Sciences,LLM
sys_occupation_classifications,CP_2021:2.6.2.5.2,name,en,Researchers and Graduate Technicians in Pedagogical and Psychological Sciences,LLM
sys_occupation_classifications,CP_2021:2.6.2.6.0,name,en,Researchers and Graduate Technicians in Economic and Statistical Sciences,LLM
sys_occupation_classifications,CP_2021:2.6.2.7.1,name,en,Researchers and Graduate Technicians in Legal Sciences,LLM
sys_occupation_classifications,CP_2021:2.6.2.7.2,name,en,Researchers and Graduate Technicians in Political and Social Sciences,LLM
sys_occupation_classifications,CP_2021:2.6.3.1.1,name,en,Teachers of Artistic Disciplines in Fine Arts Academies and Equivalent Institutions,LLM
sys_occupation_classifications,CP_2021:2.6.3.1.2,name,en,Teachers of Musical Disciplines in Conservatories and Equivalent Institutions,LLM
sys_occupation_classifications,CP_2021:2.6.3.1.3,name,en,Teachers of Drama and Dance in Academies and Equivalent Institutions,LLM
sys_occupation_classifications,CP_2021:2.6.3.2.1,name,en,"Teachers of Mathematics, Physics and Chemistry in Upper Secondary School",LLM
sys_occupation_classifications,CP_2021:2.6.3.2.2,name,en,Teachers of Life and Health Sciences in Upper Secondary School,LLM
sys_occupation_classifications,CP_2021:2.6.3.2.3,name,en,Teachers of Technical and Engineering Disciplines in Upper Secondary School,LLM
sys_occupation_classifications,CP_2021:2.6.3.2.4,name,en,Teachers of Information Science in Upper Secondary School,LLM
sys_occupation_classifications,CP_2021:2.6.3.2.5,name,en,"Teachers of Literary, Artistic, Historical, Philosophical, Pedagogical and Psychological Sciences in Upper Secondary School",LLM
sys_occupation_classifications,CP_2021:2.6.3.2.6,name,en,"Teachers of Legal, Economic and Social Sciences in Upper Secondary School",LLM
sys_occupation_classifications,CP_2021:2.6.3.3.1,name,en,Teachers of Humanities in Lower Secondary School,LLM
sys_occupation_classifications,CP_2021:2.6.3.3.2,name,en,Teachers of Technical and Scientific Disciplines in Lower Secondary School,LLM
sys_occupation_classifications,CP_2021:2.6.4.1.0,name,en,Primary School Teachers,LLM
sys_occupation_classifications,CP_2021:2.6.4.2.0,name,en,Pre-Primary School Teachers,LLM
sys_occupation_classifications,CP_2021:2.6.5.1.0,name,en,Specialists in the Education and Training of Persons with Disabilities,LLM
sys_occupation_classifications,CP_2021:2.6.5.2.0,name,en,School Inspectors and Related Professionals,LLM
sys_occupation_classifications,CP_2021:2.6.5.3.1,name,en,Vocational Training and Continuing Education Instructors,LLM
sys_occupation_classifications,CP_2021:2.6.5.3.2,name,en,Training and Curriculum Design Experts,LLM
sys_occupation_classifications,CP_2021:2.6.5.4.0,name,en,Guidance Counsellors,LLM
sys_occupation_classifications,CP_2021:2.6.5.5.1,name,en,Visual Arts Teachers,LLM
sys_occupation_classifications,CP_2021:2.6.5.5.2,name,en,Dance Teachers,LLM
sys_occupation_classifications,CP_2021:2.6.5.5.3,name,en,Singing Teachers,LLM
sys_occupation_classifications,CP_2021:2.6.5.5.4,name,en,Musical Instrument Teachers,LLM
sys_occupation_classifications,CP_2021:2.6.5.5.5,name,en,Language Teachers,LLM
sys_occupation_classifications,CP_2021:2.7.1.1.1,name,en,Software Analysts and Designers,LLM
sys_occupation_classifications,CP_2021:2.7.1.1.2,name,en,Systems Analysts,LLM
sys_occupation_classifications,CP_2021:2.7.1.1.3,name,en,Web Application Analysts and Designers,LLM
sys_occupation_classifications,CP_2021:2.7.2.1.1,name,en,Computer Network and Communications Specialists,LLM
sys_occupation_classifications,CP_2021:2.7.2.1.2,name,en,Database Analysts and Designers,LLM
sys_occupation_classifications,CP_2021:2.7.2.1.3,name,en,Systems Administrators,LLM
sys_occupation_classifications,CP_2021:2.7.2.1.4,name,en,ICT Security Specialists,LLM
sys_occupation_classifications,CP_2021:3.1.1.1.1,name,en,Geological Technicians,LLM
sys_occupation_classifications,CP_2021:3.1.1.1.2,name,en,Physics and Nuclear Science Technicians,LLM
sys_occupation_classifications,CP_2021:3.1.1.2.0,name,en,Chemical Technicians,LLM
sys_occupation_classifications,CP_2021:3.1.1.3.0,name,en,Statistical Technicians,LLM
sys_occupation_classifications,CP_2021:3.1.2.1.0,name,en,Computer Programming Technicians,LLM
sys_occupation_classifications,CP_2021:3.1.2.2.0,name,en,Applications Technicians,LLM
sys_occupation_classifications,CP_2021:3.1.2.3.0,name,en,Web Technicians,LLM
sys_occupation_classifications,CP_2021:3.1.2.4.0,name,en,Database Technicians,LLM
sys_occupation_classifications,CP_2021:3.1.2.5.0,name,en,Network and Telematics Systems Technicians,LLM
sys_occupation_classifications,CP_2021:3.1.2.6.1,name,en,Telecommunications Technicians,LLM
sys_occupation_classifications,CP_2021:3.1.2.6.2,name,en,Radio and Television Broadcasting Technicians,LLM
sys_occupation_classifications,CP_2021:3.1.2.7.0,name,en,Geographic Information Systems (GIS) Technicians,LLM
sys_occupation_classifications,CP_2021:3.1.3.1.0,name,en,Mechanical Technicians,LLM
sys_occupation_classifications,CP_2021:3.1.3.2.1,name,en,Ceramics Technicians,LLM
sys_occupation_classifications,CP_2021:3.1.3.2.2,name,en,Mining Technicians,LLM
sys_occupation_classifications,CP_2021:3.1.3.2.3,name,en,Metallurgical Technicians,LLM
sys_occupation_classifications,CP_2021:3.1.3.3.0,name,en,Electrical Technicians,LLM
sys_occupation_classifications,CP_2021:3.1.3.4.0,name,en,Electronics Technicians,LLM
sys_occupation_classifications,CP_2021:3.1.3.5.0,name,en,Civil Engineering Technicians and Related Professions,LLM
sys_occupation_classifications,CP_2021:3.1.3.6.0,name,en,Energy Efficiency and Renewable Energy Technicians,LLM
sys_occupation_classifications,CP_2021:3.1.3.7.1,name,en,Technical Draughtspersons,LLM
sys_occupation_classifications,CP_2021:3.1.3.7.2,name,en,Textile Draughtspersons,LLM
sys_occupation_classifications,CP_2021:3.1.3.7.3,name,en,Surveying and Prospecting Draughtspersons,LLM
sys_occupation_classifications,CP_2021:3.1.4.1.1,name,en,Metal Production Plant Operation and Control Technicians,LLM
sys_occupation_classifications,CP_2021:3.1.4.1.2,name,en,Chemical Plant Operation and Control Technicians,LLM
sys_occupation_classifications,CP_2021:3.1.4.1.3,name,en,Paper Production Plant Operation and Control Technicians,LLM
sys_occupation_classifications,CP_2021:3.1.4.1.4,name,en,Water Treatment Plant Operation and Control Technicians,LLM
sys_occupation_classifications,CP_2021:3.1.4.1.5,name,en,Automatic Assembly Line Operation and Control Technicians,LLM
sys_occupation_classifications,CP_2021:3.1.4.2.1,name,en,Thermal and Electric Power Production Technicians,LLM
sys_occupation_classifications,CP_2021:3.1.4.2.2,name,en,Water and Other Fluid Network Operation Technicians,LLM
sys_occupation_classifications,CP_2021:3.1.4.2.3,name,en,Electric Power Distribution Network Operation Technicians,LLM
sys_occupation_classifications,CP_2021:3.1.5.1.0,name,en,Mining and Quarrying Production Technicians,LLM
sys_occupation_classifications,CP_2021:3.1.5.2.0,name,en,Construction Site Management Technicians,LLM
sys_occupation_classifications,CP_2021:3.1.5.3.0,name,en,Manufacturing Production Technicians,LLM
sys_occupation_classifications,CP_2021:3.1.5.4.1,name,en,Food Preparation Technicians,LLM
sys_occupation_classifications,CP_2021:3.1.5.4.2,name,en,Food Production Technicians,LLM
sys_occupation_classifications,CP_2021:3.1.5.5.0,name,en,Service Production Technicians,LLM
sys_occupation_classifications,CP_2021:3.1.6.1.1,name,en,Ship Captains,LLM
sys_occupation_classifications,CP_2021:3.1.6.1.2,name,en,Ship Officers and Onboard Assistants,LLM
sys_occupation_classifications,CP_2021:3.1.6.1.3,name,en,Ship Pilots,LLM
sys_occupation_classifications,CP_2021:3.1.6.2.1,name,en,Aircraft Pilots and Officers,LLM
sys_occupation_classifications,CP_2021:3.1.6.2.2,name,en,Avionics Technicians,LLM
sys_occupation_classifications,CP_2021:3.1.6.2.3,name,en,Aerospace Technicians,LLM
sys_occupation_classifications,CP_2021:3.1.6.3.1,name,en,Air Traffic Controllers,LLM
sys_occupation_classifications,CP_2021:3.1.6.3.2,name,en,Airport Traffic Technicians,LLM
sys_occupation_classifications,CP_2021:3.1.6.4.0,name,en,Railway Traffic Organization Technicians,LLM
sys_occupation_classifications,CP_2021:3.1.6.5.0,name,en,Port Traffic Organization Technicians,LLM
sys_occupation_classifications,CP_2021:3.1.7.1.0,name,en,Photographers and Related Professions,LLM
sys_occupation_classifications,CP_2021:3.1.7.2.1,name,en,Audio-Video Equipment and Film Recording Technicians,LLM
sys_occupation_classifications,CP_2021:3.1.7.2.2,name,en,Sound Technicians,LLM
sys_occupation_classifications,CP_2021:3.1.7.2.3,name,en,Audio-Video and Film Editing Technicians,LLM
sys_occupation_classifications,CP_2021:3.1.7.3.0,name,en,Medical Equipment and Diagnostic Technicians,LLM
sys_occupation_classifications,CP_2021:3.1.8.1.0,name,en,Plant Safety Technicians,LLM
sys_occupation_classifications,CP_2021:3.1.8.2.0,name,en,Occupational Safety Technicians,LLM
sys_occupation_classifications,CP_2021:3.1.8.3.1,name,en,Environmental Control Technicians,LLM
sys_occupation_classifications,CP_2021:3.1.8.3.2,name,en,"Waste Collection, Treatment and Environmental Remediation Technicians",LLM
sys_occupation_classifications,CP_2021:3.2.1.1.1,name,en,Nursing Health Professionals,LLM
sys_occupation_classifications,CP_2021:3.2.1.1.2,name,en,Midwifery Health Professionals,LLM
sys_occupation_classifications,CP_2021:3.2.1.2.1,name,en,Podiatrists,LLM
sys_occupation_classifications,CP_2021:3.2.1.2.2,name,en,Physiotherapists and Related Professionals,LLM
sys_occupation_classifications,CP_2021:3.2.1.2.3,name,en,Speech Therapists,LLM
sys_occupation_classifications,CP_2021:3.2.1.2.4,name,en,Orthoptists and Ophthalmology Assistants,LLM
sys_occupation_classifications,CP_2021:3.2.1.2.5,name,en,Developmental Neuro- and Psychomotor Therapists,LLM
sys_occupation_classifications,CP_2021:3.2.1.2.6,name,en,Psychiatric Rehabilitation Technicians,LLM
sys_occupation_classifications,CP_2021:3.2.1.2.7,name,en,Professional Educators,LLM
sys_occupation_classifications,CP_2021:3.2.1.2.8,name,en,Occupational Therapists,LLM
sys_occupation_classifications,CP_2021:3.2.1.3.1,name,en,Audiometry Technicians,LLM
sys_occupation_classifications,CP_2021:3.2.1.3.2,name,en,Biomedical Laboratory Health Technicians,LLM
sys_occupation_classifications,CP_2021:3.2.1.3.3,name,en,Medical Radiology Health Technicians,LLM
sys_occupation_classifications,CP_2021:3.2.1.3.4,name,en,Neurophysiopathology Technicians,LLM
sys_occupation_classifications,CP_2021:3.2.1.4.1,name,en,Orthopedic Technicians,LLM
sys_occupation_classifications,CP_2021:3.2.1.4.2,name,en,Hearing Aid Technicians,LLM
sys_occupation_classifications,CP_2021:3.2.1.4.3,name,en,Dental Hygienists,LLM
sys_occupation_classifications,CP_2021:3.2.1.4.4,name,en,Cardiocirculatory Physiopathology and Cardiovascular Perfusion Technicians,LLM
sys_occupation_classifications,CP_2021:3.2.1.4.5,name,en,Dietitians,LLM
sys_occupation_classifications,CP_2021:3.2.1.5.1,name,en,Environmental and Workplace Prevention Technicians,LLM
sys_occupation_classifications,CP_2021:3.2.1.5.2,name,en,Health Assistants,LLM
sys_occupation_classifications,CP_2021:3.2.1.5.3,name,en,Ergonomists,LLM
sys_occupation_classifications,CP_2021:3.2.1.6.1,name,en,Opticians and Optometrists,LLM
sys_occupation_classifications,CP_2021:3.2.1.6.2,name,en,Dental Technicians,LLM
sys_occupation_classifications,CP_2021:3.2.1.7.0,name,en,Traditional Medicine Technicians,LLM
sys_occupation_classifications,CP_2021:3.2.2.1.1,name,en,Agronomy Technicians,LLM
sys_occupation_classifications,CP_2021:3.2.2.1.2,name,en,Forestry Technicians,LLM
sys_occupation_classifications,CP_2021:3.2.2.2.0,name,en,Animal Production Technicians,LLM
sys_occupation_classifications,CP_2021:3.2.2.3.1,name,en,Biochemical Laboratory Technicians,LLM
sys_occupation_classifications,CP_2021:3.2.2.3.2,name,en,Food Product Technicians,LLM
sys_occupation_classifications,CP_2021:3.2.2.3.3,name,en,Veterinary Laboratory Technicians,LLM
sys_occupation_classifications,CP_2021:3.2.2.3.4,name,en,Biology Technicians,LLM
sys_occupation_classifications,CP_2021:3.3.1.1.1,name,en,Administrative Secretaries and General Affairs Technicians,LLM
sys_occupation_classifications,CP_2021:3.3.1.1.2,name,en,Archive and Library Assistants,LLM
sys_occupation_classifications,CP_2021:3.3.1.2.1,name,en,Accountants,LLM
sys_occupation_classifications,CP_2021:3.3.1.2.2,name,en,Bursars and Treasurers,LLM
sys_occupation_classifications,CP_2021:3.3.1.2.3,name,en,Property and Condominium Administrators,LLM
sys_occupation_classifications,CP_2021:3.3.1.3.1,name,en,Information Acquisition Technicians,LLM
sys_occupation_classifications,CP_2021:3.3.1.3.2,name,en,Professional Interviewers and Survey Enumerators,LLM
sys_occupation_classifications,CP_2021:3.3.1.4.0,name,en,Foreign Language Correspondents and Related Professions,LLM
sys_occupation_classifications,CP_2021:3.3.1.5.0,name,en,Production Factors Organization and Management Technicians,LLM
sys_occupation_classifications,CP_2021:3.3.2.1.0,name,en,Financial Management Technicians,LLM
sys_occupation_classifications,CP_2021:3.3.2.2.0,name,en,Banking Technicians,LLM
sys_occupation_classifications,CP_2021:3.3.2.3.0,name,en,Insurance Agents,LLM
sys_occupation_classifications,CP_2021:3.3.2.4.0,name,en,"Surveyors, Risk Assessors and Claims Adjusters",LLM
sys_occupation_classifications,CP_2021:3.3.2.5.0,name,en,"Stock and Exchange Brokers, Securities Trading Technicians and Related Professions",LLM
sys_occupation_classifications,CP_2021:3.3.2.6.1,name,en,"Exchange, Incentive Contract and Debt Recovery Technicians",LLM
sys_occupation_classifications,CP_2021:3.3.2.6.2,name,en,Financial Leasing Technicians,LLM
sys_occupation_classifications,CP_2021:3.3.3.1.0,name,en,Procurement Officers and Purchasing Managers,LLM
sys_occupation_classifications,CP_2021:3.3.3.2.0,name,en,Warehouse and Internal Distribution Managers,LLM
sys_occupation_classifications,CP_2021:3.3.3.3.1,name,en,Auctioneers,LLM
sys_occupation_classifications,CP_2021:3.3.3.3.2,name,en,Commercial Experts,LLM
sys_occupation_classifications,CP_2021:3.3.3.4.0,name,en,Sales and Distribution Technicians,LLM
sys_occupation_classifications,CP_2021:3.3.3.5.0,name,en,Marketing Technicians,LLM
sys_occupation_classifications,CP_2021:3.3.3.6.1,name,en,Advertising Technicians,LLM
sys_occupation_classifications,CP_2021:3.3.3.6.2,name,en,Public Relations Technicians,LLM
sys_occupation_classifications,CP_2021:3.3.4.1.0,name,en,Freight Forwarders and Commercial Organization Technicians,LLM
sys_occupation_classifications,CP_2021:3.3.4.2.0,name,en,Commercial Agents,LLM
sys_occupation_classifications,CP_2021:3.3.4.3.0,name,en,Dealer Agents,LLM
sys_occupation_classifications,CP_2021:3.3.4.4.0,name,en,Advertising Agents,LLM
sys_occupation_classifications,CP_2021:3.3.4.5.0,name,en,Real Estate Agents and Surveyors,LLM
sys_occupation_classifications,CP_2021:3.3.4.6.0,name,en,Sales Representatives,LLM
sys_occupation_classifications,CP_2021:3.3.4.7.0,name,en,Agents and Representatives of Artists and Athletes,LLM
sys_occupation_classifications,CP_2021:3.4.1.1.0,name,en,Hospitality Activities Technicians and Related Professions,LLM
sys_occupation_classifications,CP_2021:3.4.1.2.1,name,en,"Trade Fair, Exhibition and Cultural Event Organizers",LLM
sys_occupation_classifications,CP_2021:3.4.1.2.2,name,en,Conference and Reception Organizers,LLM
sys_occupation_classifications,CP_2021:3.4.1.3.0,name,en,Tourist Entertainers and Related Professions,LLM
sys_occupation_classifications,CP_2021:3.4.1.4.0,name,en,Travel Agents,LLM
sys_occupation_classifications,CP_2021:3.4.1.5.1,name,en,Nature and Sports Guides and Escorts,LLM
sys_occupation_classifications,CP_2021:3.4.1.5.2,name,en,Tourist Guides,LLM
sys_occupation_classifications,CP_2021:3.4.2.1.1,name,en,Flight Instructors,LLM
sys_occupation_classifications,CP_2021:3.4.2.1.2,name,en,Driving Instructors,LLM
sys_occupation_classifications,CP_2021:3.4.2.1.3,name,en,Sailing Instructors,LLM
sys_occupation_classifications,CP_2021:3.4.2.2.1,name,en,Vocational Training Teachers,LLM
sys_occupation_classifications,CP_2021:3.4.2.2.2,name,en,Arts and Crafts Teachers,LLM
sys_occupation_classifications,CP_2021:3.4.2.3.0,name,en,Artistic Technique Instructors,LLM
sys_occupation_classifications,CP_2021:3.4.2.4.0,name,en,Non-Competitive Sports Instructors,LLM
sys_occupation_classifications,CP_2021:3.4.2.5.1,name,en,Sports Event and Facility Organizers,LLM
sys_occupation_classifications,CP_2021:3.4.2.5.2,name,en,Sports Observers,LLM
sys_occupation_classifications,CP_2021:3.4.2.6.1,name,en,Sports Coaches and Trainers,LLM
sys_occupation_classifications,CP_2021:3.4.2.6.2,name,en,Referees and Competition Judges,LLM
sys_occupation_classifications,CP_2021:3.4.2.7.0,name,en,Athletes,LLM
sys_occupation_classifications,CP_2021:3.4.3.1.1,name,en,Radio and Television Announcers,LLM
sys_occupation_classifications,CP_2021:3.4.3.1.2,name,en,Presenters of Artistic and Recreational Performances,LLM
sys_occupation_classifications,CP_2021:3.4.3.2.0,name,en,"Broadcasting, Film and Theatre Production Organization Technicians",LLM
sys_occupation_classifications,CP_2021:3.4.3.3.0,name,en,Entertainers,LLM
sys_occupation_classifications,CP_2021:3.4.4.1.1,name,en,Graphic Designers,LLM
sys_occupation_classifications,CP_2021:3.4.4.1.2,name,en,Stage Set Designers,LLM
sys_occupation_classifications,CP_2021:3.4.4.2.1,name,en,Museum Technicians,LLM
sys_occupation_classifications,CP_2021:3.4.4.2.2,name,en,Library Technicians,LLM
sys_occupation_classifications,CP_2021:3.4.4.3.1,name,en,Art Appraisers,LLM
sys_occupation_classifications,CP_2021:3.4.4.3.2,name,en,Philatelic and Numismatic Experts,LLM
sys_occupation_classifications,CP_2021:3.4.4.3.3,name,en,Handwriting Experts,LLM
sys_occupation_classifications,CP_2021:3.4.4.4.0,name,en,Restoration Technicians,LLM
sys_occupation_classifications,CP_2021:3.4.5.1.0,name,en,Social Workers,LLM
sys_occupation_classifications,CP_2021:3.4.5.2.0,name,en,Social Reintegration and Inclusion Technicians,LLM
sys_occupation_classifications,CP_2021:3.4.5.3.0,name,en,Employment Services Technicians,LLM
sys_occupation_classifications,CP_2021:3.4.5.4.0,name,en,Private Security Services Technicians and Related Professions,LLM
sys_occupation_classifications,CP_2021:3.4.5.5.0,name,en,Religious and Worship Activities Technicians,LLM
sys_occupation_classifications,CP_2021:3.4.6.1.0,name,en,Judicial Services Technicians,LLM
sys_occupation_classifications,CP_2021:3.4.6.2.0,name,en,State Police Officers,LLM
sys_occupation_classifications,CP_2021:3.4.6.3.1,name,en,Municipal Police Security Services Technicians,LLM
sys_occupation_classifications,CP_2021:3.4.6.3.2,name,en,Fire Brigade Security Services Technicians,LLM
sys_occupation_classifications,CP_2021:3.4.6.3.3,name,en,Forest Service Security Technicians,LLM
sys_occupation_classifications,CP_2021:3.4.6.4.0,name,en,Financial Police Officers,LLM
sys_occupation_classifications,CP_2021:3.4.6.5.0,name,en,Tax Inspectors,LLM
sys_occupation_classifications,CP_2021:3.4.6.6.1,name,en,Public License Concession Services Technicians,LLM
sys_occupation_classifications,CP_2021:3.4.6.6.2,name,en,Public Services Technicians for Issuing Personal Certifications and Documents,LLM
sys_occupation_classifications,CP_2021:4.1.1.1.0,name,en,Secretarial Staff,LLM
sys_occupation_classifications,CP_2021:4.1.1.2.0,name,en,General Affairs Clerks,LLM
sys_occupation_classifications,CP_2021:4.1.1.3.0,name,en,Document Registration and Sorting Clerks,LLM
sys_occupation_classifications,CP_2021:4.1.1.4.0,name,en,Personnel Management Clerks,LLM
sys_occupation_classifications,CP_2021:4.1.2.1.0,name,en,"Word Processing Operators, Typists, Stenographers and Related Professions",LLM
sys_occupation_classifications,CP_2021:4.1.2.2.0,name,en,Data Entry Clerks,LLM
sys_occupation_classifications,CP_2021:4.1.2.3.0,name,en,"Operators of Document Drafting, Reproduction and Dispatch Machines",LLM
sys_occupation_classifications,CP_2021:4.2.1.1.0,name,en,"Insurance, Banking and Other Financial Intermediary Counter Clerks",LLM
sys_occupation_classifications,CP_2021:4.2.1.2.0,name,en,Postal Service Counter Clerks,LLM
sys_occupation_classifications,CP_2021:4.2.1.3.0,name,en,Tax and Contribution Collection and Debt Recovery Counter Clerks,LLM
sys_occupation_classifications,CP_2021:4.2.1.4.0,name,en,Pawnbroker Counter Clerks and Related Professions,LLM
sys_occupation_classifications,CP_2021:4.2.1.5.0,name,en,Ticket Sales Clerks,LLM
sys_occupation_classifications,CP_2021:4.2.1.6.0,name,en,Travel Agency Counter Clerks,LLM
sys_occupation_classifications,CP_2021:4.2.2.1.0,name,en,Reception and Information Clerks in Businesses and Public Bodies,LLM
sys_occupation_classifications,CP_2021:4.2.2.2.0,name,en,Reception Clerks in Accommodation and Catering Services,LLM
sys_occupation_classifications,CP_2021:4.2.2.3.0,name,en,Switchboard Operators,LLM
sys_occupation_classifications,CP_2021:4.2.2.4.0,name,en,Call Centre Information Clerks (Non-Sales),LLM
sys_occupation_classifications,CP_2021:4.3.1.1.0,name,en,Goods and Services Purchasing Clerks,LLM
sys_occupation_classifications,CP_2021:4.3.1.2.0,name,en,Warehouse Management Clerks and Related Professions,LLM
sys_occupation_classifications,CP_2021:4.3.1.3.0,name,en,Freight Transport Administrative Management Clerks,LLM
sys_occupation_classifications,CP_2021:4.3.2.1.0,name,en,Bookkeeping Clerks,LLM
sys_occupation_classifications,CP_2021:4.3.2.2.0,name,en,Payroll Clerks,LLM
sys_occupation_classifications,CP_2021:4.3.2.3.0,name,en,Financial Transaction Clerks for the Enterprise or Organization,LLM
sys_occupation_classifications,CP_2021:4.3.2.4.0,name,en,Statistical services clerks,LLM
sys_occupation_classifications,CP_2021:4.3.2.5.0,name,en,Internal cash office clerks,LLM
sys_occupation_classifications,CP_2021:4.4.1.1.0,name,en,Control and verification clerks and related workers,LLM
sys_occupation_classifications,CP_2021:4.4.1.2.0,name,en,Travel documentation control clerks,LLM
sys_occupation_classifications,CP_2021:4.4.1.3.0,name,en,Mail sorting and delivery clerks,LLM
sys_occupation_classifications,CP_2021:4.4.2.1.0,name,en,Filing and archive clerks and related workers,LLM
sys_occupation_classifications,CP_2021:4.4.2.2.0,name,en,Library clerks and related workers,LLM
sys_occupation_classifications,CP_2021:5.1.1.1.0,name,en,Wholesale trade shopkeepers,LLM
sys_occupation_classifications,CP_2021:5.1.1.2.1,name,en,Retail trade shopkeepers in shops,LLM
sys_occupation_classifications,CP_2021:5.1.1.2.2,name,en,Retail traders in markets and assigned stalls,LLM
sys_occupation_classifications,CP_2021:5.1.1.3.0,name,en,Fuel station operators and related workers,LLM
sys_occupation_classifications,CP_2021:5.1.2.1.0,name,en,Wholesale trade shop assistants,LLM
sys_occupation_classifications,CP_2021:5.1.2.2.0,name,en,Retail trade shop assistants,LLM
sys_occupation_classifications,CP_2021:5.1.2.3.0,name,en,Sales organization clerks,LLM
sys_occupation_classifications,CP_2021:5.1.2.4.0,name,en,Cashiers in commercial establishments,LLM
sys_occupation_classifications,CP_2021:5.1.2.5.1,name,en,Door-to-door salespersons,LLM
sys_occupation_classifications,CP_2021:5.1.2.5.2,name,en,Distance salespersons,LLM
sys_occupation_classifications,CP_2021:5.1.2.6.0,name,en,Fuel station attendants and related workers,LLM
sys_occupation_classifications,CP_2021:5.1.3.1.0,name,en,Fashion models and related workers,LLM
sys_occupation_classifications,CP_2021:5.1.3.2.0,name,en,Product demonstrators and related workers,LLM
sys_occupation_classifications,CP_2021:5.1.3.3.0,name,en,Window dressers and related workers,LLM
sys_occupation_classifications,CP_2021:5.1.3.4.0,name,en,Customer information and assistance clerks,LLM
sys_occupation_classifications,CP_2021:5.2.1.1.0,name,en,Accommodation establishment operators,LLM
sys_occupation_classifications,CP_2021:5.2.2.1.0,name,en,Cooks in hotels and restaurants,LLM
sys_occupation_classifications,CP_2021:5.2.2.2.1,name,en,Food preparation and cooking workers in institutional catering,LLM
sys_occupation_classifications,CP_2021:5.2.2.2.2,name,en,"Food preparation, cooking and sales workers in fast food outlets, snack bars, rotisseries and similar establishments",LLM
sys_occupation_classifications,CP_2021:5.2.2.2.3,name,en,Counter attendants in catering services,LLM
sys_occupation_classifications,CP_2021:5.2.2.3.1,name,en,Hotel waiters,LLM
sys_occupation_classifications,CP_2021:5.2.2.3.2,name,en,Restaurant waiters,LLM
sys_occupation_classifications,CP_2021:5.2.2.4.0,name,en,Bartenders and related workers,LLM
sys_occupation_classifications,CP_2021:5.2.2.5.1,name,en,"Operators of restaurants, fast food outlets, pizzerias and similar establishments",LLM
sys_occupation_classifications,CP_2021:5.2.2.5.2,name,en,Operators of catering activities in markets and assigned stalls,LLM
sys_occupation_classifications,CP_2021:5.2.3.1.1,name,en,Flight attendants,LLM
sys_occupation_classifications,CP_2021:5.2.3.1.2,name,en,Travel and cruise attendants,LLM
sys_occupation_classifications,CP_2021:5.2.3.1.3,name,en,Conference and trade fair attendants,LLM
sys_occupation_classifications,CP_2021:5.2.3.2.0,name,en,Tour guides,LLM
sys_occupation_classifications,CP_2021:5.3.1.1.0,name,en,Skilled health and social care occupations,LLM
sys_occupation_classifications,CP_2021:5.4.1.1.1,name,en,Cinema and theatre operators,LLM
sys_occupation_classifications,CP_2021:5.4.1.1.2,name,en,Nightclub operators,LLM
sys_occupation_classifications,CP_2021:5.4.1.1.3,name,en,Recreational activity operators,LLM
sys_occupation_classifications,CP_2021:5.4.1.1.4,name,en,Sports activity operators,LLM
sys_occupation_classifications,CP_2021:5.4.1.1.5,name,en,Betting shop operators,LLM
sys_occupation_classifications,CP_2021:5.4.1.2.1,name,en,Bookmakers,LLM
sys_occupation_classifications,CP_2021:5.4.1.2.2,name,en,Croupiers,LLM
sys_occupation_classifications,CP_2021:5.4.1.2.3,name,en,Lottery and betting agents,LLM
sys_occupation_classifications,CP_2021:5.4.1.3.0,name,en,"Astrologers, fortune tellers, palm readers and related workers",LLM
sys_occupation_classifications,CP_2021:5.5.1.1.0,name,en,Hairdressers,LLM
sys_occupation_classifications,CP_2021:5.5.1.2.0,name,en,Beauticians and make-up artists,LLM
sys_occupation_classifications,CP_2021:5.5.1.3.0,name,en,Massage therapists and spa attendants,LLM
sys_occupation_classifications,CP_2021:5.5.2.1.0,name,en,Companions and skilled domestic service workers,LLM
sys_occupation_classifications,CP_2021:5.5.2.2.0,name,en,Childminders and related workers,LLM
sys_occupation_classifications,CP_2021:5.5.2.3.0,name,en,Personal care attendants,LLM
sys_occupation_classifications,CP_2021:5.5.3.1.0,name,en,Animal trainers,LLM
sys_occupation_classifications,CP_2021:5.5.3.2.0,name,en,Keepers and breeders of pets and show animals,LLM
sys_occupation_classifications,CP_2021:5.5.4.1.0,name,en,Operators of administrative formalities agencies and related workers,LLM
sys_occupation_classifications,CP_2021:5.5.4.2.0,name,en,Administrative formalities agency clerks and related workers,LLM
sys_occupation_classifications,CP_2021:5.5.5.1.0,name,en,Funeral home operators,LLM
sys_occupation_classifications,CP_2021:5.5.5.2.0,name,en,Funeral home attendants,LLM
sys_occupation_classifications,CP_2021:5.6.1.1.0,name,en,Territorial surveillance officers,LLM
sys_occupation_classifications,CP_2021:5.6.1.2.0,name,en,Municipal police officers,LLM
sys_occupation_classifications,CP_2021:5.6.1.3.1,name,en,State Police officers,LLM
sys_occupation_classifications,CP_2021:5.6.1.3.2,name,en,Financial Police officers,LLM
sys_occupation_classifications,CP_2021:5.6.1.3.3,name,en,Forestry Corps officers,LLM
sys_occupation_classifications,CP_2021:5.6.1.4.1,name,en,Firefighters,LLM
sys_occupation_classifications,CP_2021:5.6.1.4.2,name,en,Fire brigade personnel,LLM
sys_occupation_classifications,CP_2021:5.6.1.5.0,name,en,Prison and correctional facility officers,LLM
sys_occupation_classifications,CP_2021:5.6.1.6.0,name,en,Private security guards,LLM
sys_occupation_classifications,CP_2021:5.6.1.7.0,name,en,Lifeguards and related workers,LLM
sys_occupation_classifications,CP_2021:5.6.1.8.0,name,en,Garage and parking facility operators,LLM
sys_occupation_classifications,CP_2021:6.1.1.1.0,name,en,Blasters in quarries and mines,LLM
sys_occupation_classifications,CP_2021:6.1.1.2.0,name,en,"Stone cutters and polishers, stonemasons and marble workers",LLM
sys_occupation_classifications,CP_2021:6.1.1.3.0,name,en,Salt pan workers,LLM
sys_occupation_classifications,CP_2021:6.1.2.1.0,name,en,Stone and brick masons,LLM
sys_occupation_classifications,CP_2021:6.1.2.2.1,name,en,Formwork carpenters,LLM
sys_occupation_classifications,CP_2021:6.1.2.2.2,name,en,Concrete masons and formers,LLM
sys_occupation_classifications,CP_2021:6.1.2.3.0,name,en,Building carpenters and joiners,LLM
sys_occupation_classifications,CP_2021:6.1.2.4.0,name,en,Scaffolders,LLM
sys_occupation_classifications,CP_2021:6.1.2.5.1,name,en,Tunnel and shaft timberers,LLM
sys_occupation_classifications,CP_2021:6.1.2.5.2,name,en,Railway track layers,LLM
sys_occupation_classifications,CP_2021:6.1.2.6.1,name,en,Asphalters,LLM
sys_occupation_classifications,CP_2021:6.1.2.6.2,name,en,Road pavers and surfacers,LLM
sys_occupation_classifications,CP_2021:6.1.2.7.0,name,en,Prefabricated and preformed structure assemblers,LLM
sys_occupation_classifications,CP_2021:6.1.3.1.0,name,en,Roofers and roof waterproofers,LLM
sys_occupation_classifications,CP_2021:6.1.3.2.1,name,en,Floor layers,LLM
sys_occupation_classifications,CP_2021:6.1.3.2.2,name,en,Floor finishers,LLM
sys_occupation_classifications,CP_2021:6.1.3.2.3,name,en,Tilers and stone cladding workers,LLM
sys_occupation_classifications,CP_2021:6.1.3.2.4,name,en,Parquet layers and installers of synthetic and wood flooring,LLM
sys_occupation_classifications,CP_2021:6.1.3.3.0,name,en,Plasterers,LLM
sys_occupation_classifications,CP_2021:6.1.3.4.0,name,en,Insulation and soundproofing installers,LLM
sys_occupation_classifications,CP_2021:6.1.3.5.0,name,en,Glaziers,LLM
sys_occupation_classifications,CP_2021:6.1.3.6.1,name,en,Plumbers in civil construction,LLM
sys_occupation_classifications,CP_2021:6.1.3.6.2,name,en,Heating system installers in civil construction,LLM
sys_occupation_classifications,CP_2021:6.1.3.7.0,name,en,Electricians and electrical system installers in civil construction,LLM
sys_occupation_classifications,CP_2021:6.1.3.8.0,name,en,Window and door frame installers,LLM
sys_occupation_classifications,CP_2021:6.1.4.1.1,name,en,Building painters,LLM
sys_occupation_classifications,CP_2021:6.1.4.1.2,name,en,Building decorators and stucco workers,LLM
sys_occupation_classifications,CP_2021:6.1.4.2.0,name,en,Facade cleaners,LLM
sys_occupation_classifications,CP_2021:6.1.5.1.0,name,en,Sanitation and cleaning workers,LLM
sys_occupation_classifications,CP_2021:6.1.5.2.0,name,en,Sewer system maintenance workers,LLM
sys_occupation_classifications,CP_2021:6.2.1.1.1,name,en,Metal casters,LLM
sys_occupation_classifications,CP_2021:6.2.1.1.2,name,en,Moulders and coremakers,LLM
sys_occupation_classifications,CP_2021:6.2.1.2.0,name,en,Welders and flame cutters,LLM
sys_occupation_classifications,CP_2021:6.2.1.3.1,name,en,Sheet metal workers and boilermakers,LLM
sys_occupation_classifications,CP_2021:6.2.1.3.2,name,en,Metal markers-off,LLM
sys_occupation_classifications,CP_2021:6.2.1.4.0,name,en,Structural steel workers and metal framework assemblers,LLM
sys_occupation_classifications,CP_2021:6.2.1.5.0,name,en,Riggers and assemblers of metal cables for industrial and transport use,LLM
sys_occupation_classifications,CP_2021:6.2.1.6.0,name,en,Divers and underwater workers,LLM
sys_occupation_classifications,CP_2021:6.2.1.7.0,name,en,Electric welders and ASME-certified welders,LLM
sys_occupation_classifications,CP_2021:6.2.1.8.1,name,en,Auto body repairers,LLM
sys_occupation_classifications,CP_2021:6.2.1.8.2,name,en,Sheet metal stampers and benders,LLM
sys_occupation_classifications,CP_2021:6.2.2.1.1,name,en,Blacksmiths,LLM
sys_occupation_classifications,CP_2021:6.2.2.1.2,name,en,Forgers and forging press operators,LLM
sys_occupation_classifications,CP_2021:6.2.2.2.0,name,en,"Toolmakers, mechanical patternmakers and markers-off",LLM
sys_occupation_classifications,CP_2021:6.2.2.3.1,name,en,Machine tool setters,LLM
sys_occupation_classifications,CP_2021:6.2.2.3.2,name,en,Mechanical fitters,LLM
sys_occupation_classifications,CP_2021:6.2.3.1.1,name,en,Motor vehicle mechanics and repairers,LLM
sys_occupation_classifications,CP_2021:6.2.3.1.2,name,en,Tyre fitters,LLM
sys_occupation_classifications,CP_2021:6.2.3.1.3,name,en,Bicycle and related vehicle mechanics,LLM
sys_occupation_classifications,CP_2021:6.2.3.2.0,name,en,Aircraft mechanics and maintenance technicians,LLM
sys_occupation_classifications,CP_2021:6.2.3.3.1,name,en,Industrial machinery and plant repairers and maintenance technicians,LLM
sys_occupation_classifications,CP_2021:6.2.3.3.2,name,en,Industrial machinery and plant installers and fitters,LLM
sys_occupation_classifications,CP_2021:6.2.3.4.1,name,en,Industrial refrigeration technicians,LLM
sys_occupation_classifications,CP_2021:6.2.3.4.2,name,en,Marine refrigeration technicians,LLM
sys_occupation_classifications,CP_2021:6.2.3.5.1,name,en,Repairers and maintenance technicians of industrial heating and plumbing equipment,LLM
sys_occupation_classifications,CP_2021:6.2.3.5.2,name,en,Installers and fitters of industrial heating and plumbing equipment,LLM
sys_occupation_classifications,CP_2021:6.2.3.6.0,name,en,Test mechanics,LLM
sys_occupation_classifications,CP_2021:6.2.3.7.0,name,en,Craft and industrial spray painters,LLM
sys_occupation_classifications,CP_2021:6.2.3.8.1,name,en,Naval outfitters,LLM
sys_occupation_classifications,CP_2021:6.2.3.8.2,name,en,Marine mechanics and engine fitters,LLM
sys_occupation_classifications,CP_2021:6.2.4.1.1,name,en,Industrial electrical system installers and repairers,LLM
sys_occupation_classifications,CP_2021:6.2.4.1.2,name,en,Repairers of electrical appliances and household equipment,LLM
sys_occupation_classifications,CP_2021:6.2.4.1.3,name,en,Electromechanics,LLM
sys_occupation_classifications,CP_2021:6.2.4.1.4,name,en,Installers and repairers of electrical energy generation and storage equipment,LLM
sys_occupation_classifications,CP_2021:6.2.4.1.5,name,en,Auto electricians,LLM
sys_occupation_classifications,CP_2021:6.2.4.2.0,name,en,Maintenance technicians and repairers of industrial electronic equipment,LLM
sys_occupation_classifications,CP_2021:6.2.4.3.0,name,en,Radio and television repairers,LLM
sys_occupation_classifications,CP_2021:6.2.4.4.0,name,en,Installers and repairers of telecommunications equipment,LLM
sys_occupation_classifications,CP_2021:6.2.4.5.0,name,en,"Installers, maintenance technicians and repairers of power lines, cable layers",LLM
sys_occupation_classifications,CP_2021:6.2.4.6.0,name,en,"Installers, maintenance technicians and repairers of computer equipment",LLM
sys_occupation_classifications,CP_2021:6.3.1.1.0,name,en,Precision mechanics,LLM
sys_occupation_classifications,CP_2021:6.3.1.2.0,name,en,"Mechanics and repairers of prostheses, orthoses, orthopaedic braces and related devices",LLM
sys_occupation_classifications,CP_2021:6.3.1.3.1,name,en,Musical instrument tuners,LLM
sys_occupation_classifications,CP_2021:6.3.1.3.2,name,en,Musical instrument makers and repairers,LLM
sys_occupation_classifications,CP_2021:6.3.1.4.0,name,en,Watch and clock makers and repairers,LLM
sys_occupation_classifications,CP_2021:6.3.1.5.1,name,en,Lens and eyeglasses makers,LLM
sys_occupation_classifications,CP_2021:6.3.1.5.2,name,en,Optical instrument makers,LLM
sys_occupation_classifications,CP_2021:6.3.1.6.1,name,en,Goldsmiths,LLM
sys_occupation_classifications,CP_2021:6.3.1.6.2,name,en,Precious and hard stone workers,LLM
sys_occupation_classifications,CP_2021:6.3.1.6.3,name,en,Costume jewellery makers,LLM
sys_occupation_classifications,CP_2021:6.3.2.1.1,name,en,Potters and terracotta workers,LLM
sys_occupation_classifications,CP_2021:6.3.2.1.2,name,en,Ceramicists,LLM
sys_occupation_classifications,CP_2021:6.3.2.2.1,name,en,Glass blowers and moulders,LLM
sys_occupation_classifications,CP_2021:6.3.2.2.2,name,en,"Glass cutters, grinders and polishers",LLM
sys_occupation_classifications,CP_2021:6.3.2.3.0,name,en,Glass engravers and etchers,LLM
sys_occupation_classifications,CP_2021:6.3.2.4.0,name,en,Painters and decorators on glass and ceramics,LLM
sys_occupation_classifications,CP_2021:6.3.3.1.1,name,en,Papier-mache makers,LLM
sys_occupation_classifications,CP_2021:6.3.3.1.2,name,en,Wood engravers and inlayers,LLM
sys_occupation_classifications,CP_2021:6.3.3.2.1,name,en,Craft workers of hand-made artistic textile products,LLM
sys_occupation_classifications,CP_2021:6.3.3.2.2,name,en,Craft workers of hand-made artistic leather and hide products,LLM
sys_occupation_classifications,CP_2021:6.3.4.1.0,name,en,Pre-press printing operators,LLM
sys_occupation_classifications,CP_2021:6.3.4.2.0,name,en,Offset and rotary press printers,LLM
sys_occupation_classifications,CP_2021:6.3.4.3.0,name,en,"Zincographers, stereotypers and electrotypers",LLM
sys_occupation_classifications,CP_2021:6.3.4.4.1,name,en,Craft etchers,LLM
sys_occupation_classifications,CP_2021:6.3.4.4.2,name,en,"Lithographers, screen printers and typographic engravers",LLM
sys_occupation_classifications,CP_2021:6.3.4.5.0,name,en,Bookbinders and post-press finishers,LLM
sys_occupation_classifications,CP_2021:6.4.1.1.0,name,en,Farmers and skilled agricultural workers in field crops,LLM
sys_occupation_classifications,CP_2021:6.4.1.2.0,name,en,Farmers and skilled agricultural workers in tree and shrub crops,LLM
sys_occupation_classifications,CP_2021:6.4.1.3.1,name,en,"Farmers and skilled agricultural workers in gardens and nurseries, flower and ornamental plant growing",LLM
sys_occupation_classifications,CP_2021:6.4.1.3.2,name,en,"Farmers and skilled agricultural workers in greenhouse, protected and permanent vegetable growing",LLM
sys_occupation_classifications,CP_2021:6.4.1.4.0,name,en,Farmers and skilled agricultural workers in mixed crop growing,LLM
sys_occupation_classifications,CP_2021:6.4.2.1.0,name,en,Breeders and skilled workers in cattle and horse farming,LLM
sys_occupation_classifications,CP_2021:6.4.2.2.0,name,en,Breeders and skilled workers in sheep and goat farming,LLM
sys_occupation_classifications,CP_2021:6.4.2.3.0,name,en,Breeders and skilled workers in pig farming,LLM
sys_occupation_classifications,CP_2021:6.4.2.4.0,name,en,Breeders and skilled workers in poultry farming,LLM
sys_occupation_classifications,CP_2021:6.4.2.5.0,name,en,Mixed livestock breeder,LLM
sys_occupation_classifications,CP_2021:6.4.2.6.0,name,en,Breeders and skilled workers in insect farming,LLM
sys_occupation_classifications,CP_2021:6.4.2.9.0,name,en,Other breeders and skilled workers in animal husbandry,LLM
sys_occupation_classifications,CP_2021:6.4.3.1.0,name,en,Livestock breeders and farmers,LLM
sys_occupation_classifications,CP_2021:6.4.4.1.1,name,en,Tree fellers and reforestation workers,LLM
sys_occupation_classifications,CP_2021:6.4.4.1.2,name,en,Cork strippers and resin tappers,LLM
sys_occupation_classifications,CP_2021:6.4.5.1.0,name,en,Aquaculture workers,LLM
sys_occupation_classifications,CP_2021:6.4.5.2.0,name,en,Coastal and inland water fishermen,LLM
sys_occupation_classifications,CP_2021:6.4.5.3.0,name,en,Deep-sea fishermen,LLM
sys_occupation_classifications,CP_2021:6.4.5.4.0,name,en,Hunters,LLM
sys_occupation_classifications,CP_2021:6.5.1.1.1,name,en,Butchers and animal slaughterers,LLM
sys_occupation_classifications,CP_2021:6.5.1.1.2,name,en,Pork butchers,LLM
sys_occupation_classifications,CP_2021:6.5.1.1.3,name,en,Fishmongers,LLM
sys_occupation_classifications,CP_2021:6.5.1.1.4,name,en,Meat and fish preservation workers,LLM
sys_occupation_classifications,CP_2021:6.5.1.2.1,name,en,Bakers,LLM
sys_occupation_classifications,CP_2021:6.5.1.2.2,name,en,Pasta Makers,LLM
sys_occupation_classifications,CP_2021:6.5.1.3.1,name,en,Pastry Cooks and Chocolatiers,LLM
sys_occupation_classifications,CP_2021:6.5.1.3.2,name,en,Ice Cream Makers,LLM
sys_occupation_classifications,CP_2021:6.5.1.3.3,name,en,Food Preservers,LLM
sys_occupation_classifications,CP_2021:6.5.1.4.0,name,en,Food and Beverage Tasters and Graders,LLM
sys_occupation_classifications,CP_2021:6.5.1.5.0,name,en,Craft and Specialized Workers in Artisanal Cheese-Making,LLM
sys_occupation_classifications,CP_2021:6.5.1.6.0,name,en,Specialized Workers in Tobacco Leaf Preparation and Processing,LLM
sys_occupation_classifications,CP_2021:6.5.2.1.1,name,en,Wood Seasoners and Specialized Workers in Primary Wood Treatment,LLM
sys_occupation_classifications,CP_2021:6.5.2.1.2,name,en,"Wood Benders, Shapers and Specialized Workers in Primary Wood Processing",LLM
sys_occupation_classifications,CP_2021:6.5.2.2.1,name,en,Woodworking Toolmakers,LLM
sys_occupation_classifications,CP_2021:6.5.2.2.2,name,en,Carpenters,LLM
sys_occupation_classifications,CP_2021:6.5.2.2.3,name,en,Furniture Assemblers,LLM
sys_occupation_classifications,CP_2021:6.5.2.3.1,name,en,Chair Caners and Workers in Wicker and Bristle,LLM
sys_occupation_classifications,CP_2021:6.5.2.3.2,name,en,Rope Makers and Fibre Braiders,LLM
sys_occupation_classifications,CP_2021:6.5.2.3.3,name,en,Rush and Cane Workers,LLM
sys_occupation_classifications,CP_2021:6.5.2.3.4,name,en,Cork and Sponge Workers,LLM
sys_occupation_classifications,CP_2021:6.5.3.1.0,name,en,Fibre Preparers,LLM
sys_occupation_classifications,CP_2021:6.5.3.2.1,name,en,Weavers,LLM
sys_occupation_classifications,CP_2021:6.5.3.2.2,name,en,Knitters,LLM
sys_occupation_classifications,CP_2021:6.5.3.2.3,name,en,Dyers and Textile Chemical Treatment Workers,LLM
sys_occupation_classifications,CP_2021:6.5.3.3.1,name,en,Clothing Pattern Makers,LLM
sys_occupation_classifications,CP_2021:6.5.3.3.2,name,en,Clothing Cutters,LLM
sys_occupation_classifications,CP_2021:6.5.3.3.3,name,en,Garment Makers,LLM
sys_occupation_classifications,CP_2021:6.5.3.3.4,name,en,Tailors,LLM
sys_occupation_classifications,CP_2021:6.5.3.3.5,name,en,Hatters,LLM
sys_occupation_classifications,CP_2021:6.5.3.4.1,name,en,Fur and Leather Garment Pattern Makers,LLM
sys_occupation_classifications,CP_2021:6.5.3.4.2,name,en,Fur and Leather Garment Cutters,LLM
sys_occupation_classifications,CP_2021:6.5.3.4.3,name,en,Fur and Leather Garment Makers,LLM
sys_occupation_classifications,CP_2021:6.5.3.4.4,name,en,Furriers and Leather Tailors,LLM
sys_occupation_classifications,CP_2021:6.5.3.5.1,name,en,Underwear Makers and Finishers,LLM
sys_occupation_classifications,CP_2021:6.5.3.5.2,name,en,Household Linen Makers and Finishers,LLM
sys_occupation_classifications,CP_2021:6.5.3.5.3,name,en,Lace Makers and Hand Embroiderers,LLM
sys_occupation_classifications,CP_2021:6.5.3.5.4,name,en,Button Makers,LLM
sys_occupation_classifications,CP_2021:6.5.3.6.1,name,en,Curtain and Drapery Makers,LLM
sys_occupation_classifications,CP_2021:6.5.3.6.2,name,en,Armchair and Sofa Pattern Makers,LLM
sys_occupation_classifications,CP_2021:6.5.3.6.3,name,en,Cutters of Upholstery Padding and Coverings for Armchairs and Sofas,LLM
sys_occupation_classifications,CP_2021:6.5.3.6.4,name,en,Armchair and Sofa Makers,LLM
sys_occupation_classifications,CP_2021:6.5.3.6.5,name,en,"Upholsterers of Armchairs, Sofas and Similar Furniture",LLM
sys_occupation_classifications,CP_2021:6.5.3.6.6,name,en,Mattress Makers,LLM
sys_occupation_classifications,CP_2021:6.5.3.7.0,name,en,Craft and Related Workers in Dry Cleaning and Laundry Services,LLM
sys_occupation_classifications,CP_2021:6.5.4.1.0,name,en,Tanners and Fur Dressers,LLM
sys_occupation_classifications,CP_2021:6.5.4.2.1,name,en,Footwear Pattern Makers,LLM
sys_occupation_classifications,CP_2021:6.5.4.2.2,name,en,Footwear Cutters,LLM
sys_occupation_classifications,CP_2021:6.5.4.2.3,name,en,Footwear Makers,LLM
sys_occupation_classifications,CP_2021:6.5.4.2.4,name,en,"Shoemakers, Saddlers and Leather Workers",LLM
sys_occupation_classifications,CP_2021:6.5.4.3.1,name,en,Leather Goods Pattern Makers,LLM
sys_occupation_classifications,CP_2021:6.5.4.3.2,name,en,Leather Goods Cutters,LLM
sys_occupation_classifications,CP_2021:6.5.4.3.3,name,en,Leather Goods Makers,LLM
sys_occupation_classifications,CP_2021:6.5.4.3.4,name,en,Leatherworkers,LLM
sys_occupation_classifications,CP_2021:6.5.5.1.0,name,en,Stage Machinists and Riggers,LLM
sys_occupation_classifications,CP_2021:7.1.1.1.0,name,en,Mining and Quarrying Plant Operators,LLM
sys_occupation_classifications,CP_2021:7.1.1.2.0,name,en,Operators of Plants for Primary Treatment of Minerals and Stone,LLM
sys_occupation_classifications,CP_2021:7.1.1.3.1,name,en,Well Drillers,LLM
sys_occupation_classifications,CP_2021:7.1.1.3.2,name,en,Operators of Exploration Drilling Rigs and Probes,LLM
sys_occupation_classifications,CP_2021:7.1.2.1.1,name,en,Blast Furnace Operators,LLM
sys_occupation_classifications,CP_2021:7.1.2.1.2,name,en,Casting Operators,LLM
sys_occupation_classifications,CP_2021:7.1.2.2.1,name,en,Secondary Melting Furnace Operators,LLM
sys_occupation_classifications,CP_2021:7.1.2.2.2,name,en,Rolling Mill Operators,LLM
sys_occupation_classifications,CP_2021:7.1.2.3.0,name,en,Metal Heat-Treatment Plant Operators,LLM
sys_occupation_classifications,CP_2021:7.1.2.4.1,name,en,Metal Drawing Machine Operators,LLM
sys_occupation_classifications,CP_2021:7.1.2.4.2,name,en,Metal Extrusion and Profiling Machine Operators,LLM
sys_occupation_classifications,CP_2021:7.1.2.5.1,name,en,Thermal Plant Operators for Non-Ferrous Metal Production,LLM
sys_occupation_classifications,CP_2021:7.1.2.5.2,name,en,Electrochemical Plant Operators for Non-Ferrous Metal Production,LLM
sys_occupation_classifications,CP_2021:7.1.3.1.0,name,en,"Operators of Dosing, Mixing and Blending Plants for Glass, Ceramic and Brick Production",LLM
sys_occupation_classifications,CP_2021:7.1.3.2.1,name,en,Glass Production Furnace Operators,LLM
sys_occupation_classifications,CP_2021:7.1.3.2.2,name,en,Glass Processing Plant Operators,LLM
sys_occupation_classifications,CP_2021:7.1.3.3.1,name,en,Operators of Forming Plants for Ceramic and Terracotta Articles,LLM
sys_occupation_classifications,CP_2021:7.1.3.3.2,name,en,Kiln Operators for Ceramic and Terracotta Articles,LLM
sys_occupation_classifications,CP_2021:7.1.3.4.1,name,en,Operators of Forming Plants for Bricks,LLM
sys_occupation_classifications,CP_2021:7.1.3.4.2,name,en,Kiln Operators for Brick Production,LLM
sys_occupation_classifications,CP_2021:7.1.4.1.0,name,en,Operators of Plants for Series Production of Wood Panels,LLM
sys_occupation_classifications,CP_2021:7.1.4.2.0,name,en,Operators of Plants for Preparing Wood Pulp and Other Papermaking Materials,LLM
sys_occupation_classifications,CP_2021:7.1.4.3.0,name,en,Paper Manufacturing Plant Operators,LLM
sys_occupation_classifications,CP_2021:7.1.5.1.1,name,en,Gas and Petroleum Products Refining Plant Operators,LLM
sys_occupation_classifications,CP_2021:7.1.5.1.2,name,en,Petroleum Products Gauging Plant Operators,LLM
sys_occupation_classifications,CP_2021:7.1.5.2.0,name,en,Operators of Machinery and Plants for Basic and Fine Chemicals,LLM
sys_occupation_classifications,CP_2021:7.1.5.3.1,name,en,Pharmaceutical Production Machine Operators,LLM
sys_occupation_classifications,CP_2021:7.1.5.3.2,name,en,Machine Operators for Production of Chemical-Derived Products (Excluding Pharmaceuticals),LLM
sys_occupation_classifications,CP_2021:7.1.6.1.0,name,en,Steam Boiler and Thermal Engine Operators in Industrial Plants,LLM
sys_occupation_classifications,CP_2021:7.1.6.2.1,name,en,Waste Recovery and Recycling Plant Operators,LLM
sys_occupation_classifications,CP_2021:7.1.6.2.2,name,en,"Water Purification, Treatment and Distribution Plant Operators",LLM
sys_occupation_classifications,CP_2021:7.1.7.1.0,name,en,Automated Assembly Line Operators,LLM
sys_occupation_classifications,CP_2021:7.1.8.1.0,name,en,Mill and Mixer Operators,LLM
sys_occupation_classifications,CP_2021:7.1.8.2.0,name,en,Kiln and Mineral Heat-Treatment Plant Operators,LLM
sys_occupation_classifications,CP_2021:7.2.1.1.0,name,en,Automatic and Semi-Automatic Industrial Machine Tool Operators,LLM
sys_occupation_classifications,CP_2021:7.2.1.2.0,name,en,Operators of Machinery for Production of Cement Products and Similar Materials,LLM
sys_occupation_classifications,CP_2021:7.2.1.3.0,name,en,Operators of Machinery for Production of Abrasives and Mineral Abrasive Products,LLM
sys_occupation_classifications,CP_2021:7.2.2.1.0,name,en,"Metal Finishers and Operators of Plants for Finishing, Coating and Plating Metals and Metal Objects",LLM
sys_occupation_classifications,CP_2021:7.2.2.2.0,name,en,Operators of Machinery for Manufacturing Photographic Products and Similar Items,LLM
sys_occupation_classifications,CP_2021:7.2.3.1.0,name,en,Operators of Machinery for Tyre Assembly and Vulcanization,LLM
sys_occupation_classifications,CP_2021:7.2.3.2.0,name,en,Operators of Machinery for Manufacturing Other Rubber Articles,LLM
sys_occupation_classifications,CP_2021:7.2.3.3.0,name,en,Operators of Machinery for Manufacturing Plastic Articles and Similar Products,LLM
sys_occupation_classifications,CP_2021:7.2.4.1.0,name,en,Operators of Machinery for Series Production of Furniture and Wood Articles,LLM
sys_occupation_classifications,CP_2021:7.2.5.1.0,name,en,Operators of Machinery for Typography and Printing on Paper and Cardboard,LLM
sys_occupation_classifications,CP_2021:7.2.5.2.0,name,en,Operators of Machinery for Manufacturing Paper and Cardboard Products,LLM
sys_occupation_classifications,CP_2021:7.2.5.3.0,name,en,Operators of Bookbinding Machinery and Similar Equipment,LLM
sys_occupation_classifications,CP_2021:7.2.6.1.0,name,en,Spinning and Winding Machine Operators,LLM
sys_occupation_classifications,CP_2021:7.2.6.2.0,name,en,"Mechanical Loom, Weaving and Knitting Machine Operators",LLM
sys_occupation_classifications,CP_2021:7.2.6.3.0,name,en,Workers Operating Industrial Machinery for Fabric Clothing Manufacturing and Similar,LLM
sys_occupation_classifications,CP_2021:7.2.6.4.0,name,en,"Operators of Machinery for Dry Cleaning, Bleaching and Dyeing of Industrial Yarns and Fabrics",LLM
sys_occupation_classifications,CP_2021:7.2.6.5.0,name,en,Textile Printing Machine Operators,LLM
sys_occupation_classifications,CP_2021:7.2.6.6.1,name,en,Operators of Industrial Machinery for Preparing Hides and Furs,LLM
sys_occupation_classifications,CP_2021:7.2.6.6.2,name,en,Operators of Machinery for Series Production of Leather and Fur Articles,LLM
sys_occupation_classifications,CP_2021:7.2.6.7.0,name,en,Operators of Machinery for Series Production of Footwear,LLM
sys_occupation_classifications,CP_2021:7.2.6.9.0,name,en,Other Workers Operating Machinery in the Textile and Clothing Industry and Similar,LLM
sys_occupation_classifications,CP_2021:7.2.7.1.0,name,en,Series Assemblers of Machine Parts,LLM
sys_occupation_classifications,CP_2021:7.2.7.2.0,name,en,Assemblers and Wirers of Electrical Equipment,LLM
sys_occupation_classifications,CP_2021:7.2.7.3.0,name,en,Assemblers and Wirers of Electronic and Telecommunications Equipment,LLM
sys_occupation_classifications,CP_2021:7.2.7.4.0,name,en,"Series Assemblers of Metal, Rubber and Plastic Articles",LLM
sys_occupation_classifications,CP_2021:7.2.7.5.0,name,en,Series Assemblers of Wood Articles and Similar Materials,LLM
sys_occupation_classifications,CP_2021:7.2.7.6.0,name,en,"Series Assemblers of Cardboard, Fabric and Similar Material Articles",LLM
sys_occupation_classifications,CP_2021:7.2.7.9.0,name,en,Series Assemblers of Composite Industrial Articles,LLM
sys_occupation_classifications,CP_2021:7.2.8.1.0,name,en,Operators of Packaging Machines and Industrial Product Packaging Workers,LLM
sys_occupation_classifications,CP_2021:7.3.1.1.0,name,en,Operators of Fixed Plant in Agriculture and Livestock Farming,LLM
sys_occupation_classifications,CP_2021:7.3.1.2.0,name,en,Operators of Olive Processing Plants,LLM
sys_occupation_classifications,CP_2021:7.3.1.3.0,name,en,"Workers in Milk Refrigeration, Sanitary Treatment and Primary Processing",LLM
sys_occupation_classifications,CP_2021:7.3.2.1.0,name,en,Operators of Machinery for Meat and Fish Processing and Preservation,LLM
sys_occupation_classifications,CP_2021:7.3.2.2.0,name,en,Operators of Equipment for Industrial Processing of Dairy Products,LLM
sys_occupation_classifications,CP_2021:7.3.2.3.1,name,en,Operators of Industrial Machinery for Cereal Processing,LLM
sys_occupation_classifications,CP_2021:7.3.2.3.2,name,en,Operators of Industrial Machinery for Spice Processing,LLM
sys_occupation_classifications,CP_2021:7.3.2.3.3,name,en,Operators of Industrial Machinery for Processing Cereal-Based Products,LLM
sys_occupation_classifications,CP_2021:7.3.2.4.1,name,en,Operators of Machinery for Sorting and Grading Fruit and Vegetables,LLM
sys_occupation_classifications,CP_2021:7.3.2.4.2,name,en,Operators of Machinery for Preserving Fruit and Vegetables,LLM
sys_occupation_classifications,CP_2021:7.3.2.4.3,name,en,Operators of Machinery for Preserving Pulses and Rice,LLM
sys_occupation_classifications,CP_2021:7.3.2.4.4,name,en,Operators of Machinery for Seed Oil Production,LLM
sys_occupation_classifications,CP_2021:7.3.2.5.0,name,en,Operators of Machinery for Sugar Production and Refining,LLM
sys_occupation_classifications,CP_2021:7.3.2.6.1,name,en,"Operators of Machinery for Preparing and Producing Tea, Coffee and Cocoa",LLM
sys_occupation_classifications,CP_2021:7.3.2.6.2,name,en,Operators of Machinery for Preparing and Producing Chocolate,LLM
sys_occupation_classifications,CP_2021:7.3.2.7.0,name,en,Operators of Machinery for Tobacco Product Processing,LLM
sys_occupation_classifications,CP_2021:7.3.2.8.1,name,en,Operators of Industrial Machinery for Winemaking,LLM
sys_occupation_classifications,CP_2021:7.3.2.8.2,name,en,Operators of Industrial Machinery for Beer Production,LLM
sys_occupation_classifications,CP_2021:7.3.2.8.3,name,en,"Operators of Industrial Machinery for Producing Liqueurs, Spirits and Alcoholic Beverages",LLM
sys_occupation_classifications,CP_2021:7.3.2.8.4,name,en,Operators of Industrial Machinery for Producing Non-Alcoholic and Carbonated Beverages,LLM
sys_occupation_classifications,CP_2021:7.3.2.9.0,name,en,Operators of Machinery for Pastry and Bakery Product Production,LLM
sys_occupation_classifications,CP_2021:7.4.1.1.0,name,en,Train Drivers,LLM
sys_occupation_classifications,CP_2021:7.4.1.2.0,name,en,"Train Inspection, Traffic Control and Marshalling Operators",LLM
sys_occupation_classifications,CP_2021:7.4.1.3.0,name,en,Cableway Operators,LLM
sys_occupation_classifications,CP_2021:7.4.2.1.0,name,en,"Taxi Drivers, Car, Van and Other Passenger Vehicle Drivers",LLM
sys_occupation_classifications,CP_2021:7.4.2.2.0,name,en,"Bus, Tram and Trolleybus Drivers",LLM
sys_occupation_classifications,CP_2021:7.4.2.3.0,name,en,Heavy Vehicle and Truck Drivers,LLM
sys_occupation_classifications,CP_2021:7.4.2.4.0,name,en,Animal-Drawn Vehicle Drivers,LLM
sys_occupation_classifications,CP_2021:7.4.3.1.0,name,en,Agricultural Tractor Drivers,LLM
sys_occupation_classifications,CP_2021:7.4.3.2.1,name,en,"Drivers of Agricultural Harvesting, Chopping and Baling Machines",LLM
sys_occupation_classifications,CP_2021:7.4.3.2.2,name,en,Combine Harvester Drivers,LLM
sys_occupation_classifications,CP_2021:7.4.3.2.3,name,en,"Drivers of Machines for Harvesting Agricultural Products (Sugar Beet, Potatoes, Fruit, Grapes and Vegetables)",LLM
sys_occupation_classifications,CP_2021:7.4.3.3.0,name,en,Forestry Machine Drivers,LLM
sys_occupation_classifications,CP_2021:7.4.4.1.0,name,en,Earth-Moving Machinery Drivers,LLM
sys_occupation_classifications,CP_2021:7.4.4.2.1,name,en,Drivers of Mobile Drilling Machinery in Construction,LLM
sys_occupation_classifications,CP_2021:7.4.4.2.2,name,en,Drivers of Mobile Tunnel Drilling Machinery,LLM
sys_occupation_classifications,CP_2021:7.4.4.3.0,name,en,Crane and Lifting Equipment Operators,LLM
sys_occupation_classifications,CP_2021:7.4.4.4.0,name,en,Forklift Truck Drivers,LLM
sys_occupation_classifications,CP_2021:7.4.5.1.0,name,en,Deck Hands,LLM
sys_occupation_classifications,CP_2021:7.4.5.2.0,name,en,Ship's Boiler and Other Marine Equipment Operators,LLM
sys_occupation_classifications,CP_2021:7.4.5.3.0,name,en,Motorboat Drivers,LLM
sys_occupation_classifications,CP_2021:8.1.1.1.0,name,en,Street and Market Vendors of Goods,LLM
sys_occupation_classifications,CP_2021:8.1.1.2.0,name,en,Street and Market Vendors of Services,LLM
sys_occupation_classifications,CP_2021:8.1.2.1.0,name,en,Ushers and Related Occupations,LLM
sys_occupation_classifications,CP_2021:8.1.2.2.0,name,en,"Meter Readers, Vending-Machine Collectors and Related Occupations",LLM
sys_occupation_classifications,CP_2021:8.1.3.1.0,name,en,"Porters, Goods Movers and Related Workers",LLM
sys_occupation_classifications,CP_2021:8.1.3.2.0,name,en,Unskilled Packaging and Warehouse Workers,LLM
sys_occupation_classifications,CP_2021:8.1.3.3.0,name,en,Goods Delivery Workers,LLM
sys_occupation_classifications,CP_2021:8.1.4.1.0,name,en,Unskilled Cleaning Workers in Accommodation Services and on Ships,LLM
sys_occupation_classifications,CP_2021:8.1.4.2.0,name,en,Unskilled Workers in Catering Services,LLM
sys_occupation_classifications,CP_2021:8.1.4.3.0,name,en,Unskilled Cleaning Workers in Offices and Commercial Premises,LLM
sys_occupation_classifications,CP_2021:8.1.4.4.0,name,en,Vehicle Washers,LLM
sys_occupation_classifications,CP_2021:8.1.4.5.0,name,en,Refuse Collectors and Other Waste Collection and Sorting Workers,LLM
sys_occupation_classifications,CP_2021:8.1.5.1.0,name,en,School Caretakers and Related Occupations,LLM
sys_occupation_classifications,CP_2021:8.1.5.2.0,name,en,Hospital Porters and Related Occupations,LLM
sys_occupation_classifications,CP_2021:8.1.6.1.1,name,en,Unskilled Building Caretaking and Security Workers,LLM
sys_occupation_classifications,CP_2021:8.1.6.1.2,name,en,Unskilled Facility Caretaking and Security Workers,LLM
sys_occupation_classifications,CP_2021:8.1.6.1.3,name,en,Unskilled Equipment and Property Caretaking and Security Workers,LLM
sys_occupation_classifications,CP_2021:8.2.1.1.0,name,en,Unskilled Workers in Recreational and Cultural Services,LLM
sys_occupation_classifications,CP_2021:8.2.2.1.0,name,en,Domestic Helpers and Related Occupations,LLM
sys_occupation_classifications,CP_2021:8.3.1.1.0,name,en,Agricultural Labourers,LLM
sys_occupation_classifications,CP_2021:8.3.1.2.0,name,en,Unskilled Workers in Green Space Maintenance,LLM
sys_occupation_classifications,CP_2021:8.3.2.1.0,name,en,Unskilled Forestry Workers,LLM
sys_occupation_classifications,CP_2021:8.3.2.2.0,name,en,Unskilled Animal Care Workers,LLM
sys_occupation_classifications,CP_2021:8.3.2.3.0,name,en,Unskilled Fishing and Hunting Workers,LLM
sys_occupation_classifications,CP_2021:8.4.1.1.0,name,en,Labourers and Other Unskilled Workers in Mining and Quarrying,LLM
sys_occupation_classifications,CP_2021:8.4.2.1.0,name,en,Labourers and Unskilled Workers in Civil Construction and Related Occupations,LLM
sys_occupation_classifications,CP_2021:8.4.2.2.0,name,en,"Labourers and Unskilled Workers in Construction and Maintenance of Roads, Dams and Other Public Works",LLM
sys_occupation_classifications,CP_2021:8.4.3.1.0,name,en,Unskilled Workers in Industrial Activities and Related Occupations,LLM
sys_occupation_classifications,CP_2021:9.1.1.1.0,name,en,Armed Forces Officers,LLM
sys_occupation_classifications,CP_2021:9.2.1.1.0,name,en,Armed Forces Non-Commissioned Officers,LLM
sys_occupation_classifications,CP_2021:9.3.1.1.0,name,en,Armed Forces Other Ranks,LLM
